symbol,timestamp,open,high,low,close,volume
AAPL,2026-01-02T14:30:00+00:00,272.26,277.84,269,271.01,37838100
AAPL,2026-01-05T14:30:00+00:00,270.64,271.51,266.14,267.26,45647200
AAPL,2026-01-06T14:30:00+00:00,267,267.55,262.12,262.36,52352100
AAPL,2026-01-07T14:30:00+00:00,263.2,263.68,259.81,260.33,48309800
AAPL,2026-01-08T14:30:00+00:00,257.02,259.29,255.7,259.04,50419300
AAPL,2026-01-09T14:30:00+00:00,259.08,260.21,256.22,259.37,39997000
AAPL,2026-01-12T14:30:00+00:00,259.16,261.3,256.8,260.25,45263800
AAPL,2026-01-13T14:30:00+00:00,258.72,261.81,258.39,261.05,45730800
AAPL,2026-01-14T14:30:00+00:00,259.49,261.82,256.71,259.96,40019400
AAPL,2026-01-15T14:30:00+00:00,260.65,261.04,257.05,258.21,39388600
AAPL,2026-01-16T14:30:00+00:00,257.9,258.9,254.93,255.53,72142800
AAPL,2026-01-20T14:30:00+00:00,252.73,254.79,243.42,246.7,80267500
AAPL,2026-01-21T14:30:00+00:00,248.7,251.56,245.18,247.65,54641700
AAPL,2026-01-22T14:30:00+00:00,249.2,251,248.15,248.35,39708300
AAPL,2026-01-23T14:30:00+00:00,247.32,249.41,244.68,248.04,41689000
AAPL,2026-01-26T14:30:00+00:00,251.48,256.56,249.8,255.41,55969200
AAPL,2026-01-27T14:30:00+00:00,259.17,261.95,258.21,258.27,49648300
AAPL,2026-01-28T14:30:00+00:00,257.65,258.86,254.51,256.44,41288000
AAPL,2026-01-29T14:30:00+00:00,258,259.65,254.41,258.28,67253000
AAPL,2026-01-30T14:30:00+00:00,255.17,261.9,252.18,259.48,92443400
AAPL,2026-02-02T14:30:00+00:00,260.03,270.49,259.21,270.01,73913400
AAPL,2026-02-03T14:30:00+00:00,269.2,271.88,267.61,269.48,64394700
AAPL,2026-02-04T14:30:00+00:00,272.29,278.95,272.29,276.49,90545700
AAPL,2026-02-05T14:30:00+00:00,278.13,279.5,273.23,275.91,52977400
AAPL,2026-02-06T14:30:00+00:00,277.12,280.91,276.93,278.12,50453400
AAPL,2026-02-09T14:30:00+00:00,277.91,278.2,271.7,274.62,44623400
AAPL,2026-02-10T14:30:00+00:00,274.89,275.37,272.94,273.68,34376900
AAPL,2026-02-11T14:30:00+00:00,274.7,280.18,274.45,275.5,51931300
AAPL,2026-02-12T14:30:00+00:00,275.59,275.72,260.18,261.73,81077200
AAPL,2026-02-13T14:30:00+00:00,262.01,262.23,255.45,255.78,56290700
AAPL,2026-02-17T14:30:00+00:00,258.05,266.29,255.54,263.88,58469100
AAPL,2026-02-18T14:30:00+00:00,263.6,266.82,262.45,264.35,34203300
AAPL,2026-02-19T14:30:00+00:00,262.6,264.48,260.05,260.58,30845300
AAPL,2026-02-20T14:30:00+00:00,258.97,264.75,258.16,264.58,42070500
AAPL,2026-02-23T14:30:00+00:00,263.49,269.43,263.38,266.18,37308200
AAPL,2026-02-24T14:30:00+00:00,267.86,274.89,267.71,272.14,47014600
AAPL,2026-02-25T14:30:00+00:00,271.78,274.94,271.05,274.23,33714300
AAPL,2026-02-26T14:30:00+00:00,274.95,276.11,270.8,272.95,32345100
AAPL,2026-02-27T14:30:00+00:00,272.81,272.81,262.89,264.18,72366500
AAPL,2026-03-02T14:30:00+00:00,262.41,266.53,260.2,264.72,41827900
AAPL,2026-03-03T14:30:00+00:00,263.48,265.56,260.13,263.75,38568900
AAPL,2026-03-04T14:30:00+00:00,264.65,266.15,261.42,262.52,39803100
AAPL,2026-03-05T14:30:00+00:00,260.79,261.56,257.25,260.29,49658600
AAPL,2026-03-06T14:30:00+00:00,258.63,258.77,254.37,257.46,41120000
AAPL,2026-03-09T13:30:00+00:00,255.69,261.15,253.68,259.88,38218500
AAPL,2026-03-10T13:30:00+00:00,257.65,262.48,256.95,260.83,30590800
AAPL,2026-03-11T13:30:00+00:00,261.09,262.13,259.55,260.81,26218900
AAPL,2026-03-12T13:30:00+00:00,258.66,258.95,254.18,255.76,40794000
AAPL,2026-03-13T13:30:00+00:00,255.48,256.33,249.52,250.12,36930000
AAPL,2026-03-16T13:30:00+00:00,252.11,253.89,249.88,252.82,32074200
AAPL,2026-03-17T13:30:00+00:00,252.96,255.13,252.18,254.23,32361600
AAPL,2026-03-18T13:30:00+00:00,252.63,254.94,249,249.94,35757900
AAPL,2026-03-19T13:30:00+00:00,249.4,251.83,247.3,248.96,34864100
AAPL,2026-03-20T13:30:00+00:00,247.98,249.2,246,247.99,88331100
AAPL,2026-03-23T13:30:00+00:00,253.97,254.6,250.28,251.49,40546100
AAPL,2026-03-24T13:30:00+00:00,250.35,254.83,249.55,251.64,45152300
AAPL,2026-03-25T13:30:00+00:00,254.1,255,251.6,252.62,28476700
AAPL,2026-03-26T13:30:00+00:00,252.12,257,250.77,252.89,41796700
AAPL,2026-03-27T13:30:00+00:00,253.9,255.49,248.07,248.8,47900000
AAPL,2026-03-30T13:30:00+00:00,250.07,250.87,245.51,246.63,39446200
AAPL,2026-03-31T13:30:00+00:00,247.91,255.48,247.1,253.79,49598100
AAPL,2026-04-01T13:30:00+00:00,254.08,256.18,253.33,255.63,40059400
AAPL,2026-04-02T13:30:00+00:00,254.2,256.13,250.65,255.92,31289400
AAPL,2026-04-06T13:30:00+00:00,256.51,262.16,256.46,258.86,29329900
AAPL,2026-04-07T13:30:00+00:00,256.16,256.2,245.7,253.5,62148000
AAPL,2026-04-08T13:30:00+00:00,258.45,259.75,256.53,258.9,41032800
AAPL,2026-04-09T13:30:00+00:00,259,261.12,256.07,260.49,28121600
AAPL,2026-04-10T13:30:00+00:00,259.98,262.19,259.02,260.48,31291500
AAPL,2026-04-13T13:30:00+00:00,259.73,260.18,256.66,259.2,36234700
AAPL,2026-04-14T13:30:00+00:00,259.25,261.93,257.19,258.83,48370700
AAPL,2026-04-15T13:30:00+00:00,258.16,266.56,257.81,266.43,49913500
AAPL,2026-04-16T13:30:00+00:00,266.8,267.16,261.27,263.4,43323100
AAPL,2026-04-17T13:30:00+00:00,266.96,272.3,266.72,270.23,61436200
AAPL,2026-04-20T13:30:00+00:00,270.33,274.28,270.29,273.05,36590200
AAPL,2026-04-21T13:30:00+00:00,271.5,272.8,265.4,266.17,50209800
AAPL,2026-04-22T13:30:00+00:00,267.82,273.74,266.87,273.17,43249200
AAPL,2026-04-23T13:30:00+00:00,275.05,275.77,271.65,273.43,33399600
AAPL,2026-04-24T13:30:00+00:00,272.76,273.06,269.65,271.06,38157100
AAPL,2026-04-27T13:30:00+00:00,266.09,268.36,265.07,267.61,41466800
AAPL,2026-04-28T13:30:00+00:00,272.34,273.23,268.66,270.71,40018900
AAPL,2026-04-29T13:30:00+00:00,267.55,271.04,267.04,270.17,30047900
AAPL,2026-04-30T13:30:00+00:00,270.5,276,268.14,271.35,91848200
AAPL,2026-05-01T13:30:00+00:00,278.86,287.22,278.37,280.14,79915400
AAPL,2026-05-04T13:30:00+00:00,279.66,280.63,274.86,276.83,46668400
AAPL,2026-05-05T13:30:00+00:00,276.93,284.57,276.5,284.18,49311700
AAPL,2026-05-06T13:30:00+00:00,281.92,288.03,281.07,287.51,58336100
AAPL,2026-05-07T13:30:00+00:00,289.27,292.13,285.78,287.44,45224300
AAPL,2026-05-08T13:30:00+00:00,290.01,294.76,290,293.32,52692800
AAPL,2026-05-11T13:30:00+00:00,291.98,293.88,290.23,292.68,42247300
AAPL,2026-05-12T13:30:00+00:00,292.56,295.27,292.56,294.8,45748100
AAPL,2026-05-13T13:30:00+00:00,293.5,300.92,293.5,298.87,52684300
AAPL,2026-05-14T13:30:00+00:00,299.82,300.45,295.38,298.21,35324900
AAPL,2026-05-15T13:30:00+00:00,297.9,303.2,296.52,300.23,54862800
AAPL,2026-05-18T13:30:00+00:00,300.24,300.66,294.91,297.84,34483000
AAPL,2026-05-19T13:30:00+00:00,296.97,300.51,296.35,298.97,42243600
AAPL,2026-05-20T13:30:00+00:00,298.18,302.8,298.08,302.25,38229800
AAPL,2026-05-21T13:30:00+00:00,301.06,305.54,300.4,304.99,42965100
AAPL,2026-05-22T13:30:00+00:00,306.12,311.4,305.84,308.82,43670200
AAPL,2026-05-26T13:30:00+00:00,309.56,311.82,307.67,308.33,48000500
AAPL,2026-05-27T13:30:00+00:00,308.33,313.26,308.3,310.85,50430900
AAPL,2026-05-28T13:30:00+00:00,310.68,312.8,309.57,312.51,48220400
AAPL,2026-05-29T13:30:00+00:00,311.78,315,309.53,312.06,70026800
AAPL,2026-06-01T13:30:00+00:00,309.63,310.94,305.02,306.31,48849900
AAPL,2026-06-02T13:30:00+00:00,307.46,315.45,306.69,315.2,44534700
AAPL,2026-06-03T13:30:00+00:00,314.18,316.94,308.85,310.26,50836700
AAPL,2026-06-04T13:30:00+00:00,313.23,313.54,309.65,311.23,44869100
AAPL,2026-06-05T13:30:00+00:00,312.86,315.17,307.15,307.34,65310500
AAPL,2026-06-08T13:30:00+00:00,308.74,317.4,301.17,301.54,77949100
AAPL,2026-06-09T13:30:00+00:00,300.28,300.75,287.78,290.55,70108800
AAPL,2026-06-10T13:30:00+00:00,290.74,294.75,287.38,291.58,52793300
AAPL,2026-06-11T13:30:00+00:00,293.72,297,289.59,295.63,42572500
AAPL,2026-06-12T13:30:00+00:00,296.03,297.14,289.62,291.13,38742100
AAPL,2026-06-15T13:30:00+00:00,294.12,297.78,291.7,296.42,45732600
AAPL,2026-06-16T13:30:00+00:00,295.25,300.48,293.97,299.24,39874400
AAPL,2026-06-17T13:30:00+00:00,300.85,302.07,294.36,295.95,42745100
AAPL,2026-06-18T13:30:00+00:00,298.11,300.57,295.62,298.01,85962200
AAPL,2026-06-22T13:30:00+00:00,297.31,302.42,296.76,297.01,44879900
AAPL,2026-06-23T13:30:00+00:00,297.54,301.64,294.18,294.3,52010900
AAPL,2026-06-24T13:30:00+00:00,295.36,299.7,292.94,293.08,53081900
AAPL,2026-06-25T13:30:00+00:00,287.4,288.8,273.75,275.15,107013700
AAPL,2026-06-26T13:30:00+00:00,275,285.95,274.21,283.78,261775500
AAPL,2026-06-29T13:30:00+00:00,286.73,288.37,279.85,281.74,66427000
AAPL,2026-06-30T13:30:00+00:00,281.17,289.94,280.7,289.36,65100200
AAPL,2026-07-01T13:30:00+00:00,293.33,296.59,289.195,294.38,50046592
AMZN,2026-01-02T14:30:00+00:00,231.34,235.46,224.7,226.5,51456200
AMZN,2026-01-05T14:30:00+00:00,228.84,234,227.18,233.06,49733300
AMZN,2026-01-06T14:30:00+00:00,232.1,243.18,232.07,240.93,53764700
AMZN,2026-01-07T14:30:00+00:00,239.61,245.29,239.52,241.56,42236500
AMZN,2026-01-08T14:30:00+00:00,243.06,246.41,241.88,246.29,39509800
AMZN,2026-01-09T14:30:00+00:00,244.57,247.86,242.24,247.38,34560000
AMZN,2026-01-12T14:30:00+00:00,246.73,248.94,245.96,246.47,35867800
AMZN,2026-01-13T14:30:00+00:00,246.53,247.66,240.25,242.6,38371800
AMZN,2026-01-14T14:30:00+00:00,241.15,241.28,236.22,236.65,41410600
AMZN,2026-01-15T14:30:00+00:00,239.31,240.65,236.63,238.18,43003600
AMZN,2026-01-16T14:30:00+00:00,239.09,239.57,236.41,239.12,45888300
AMZN,2026-01-20T14:30:00+00:00,233.76,235.09,229.34,231,47737900
AMZN,2026-01-21T14:30:00+00:00,231.09,232.3,226.88,231.31,47276100
AMZN,2026-01-22T14:30:00+00:00,234.05,235.72,230.9,234.34,31913300
AMZN,2026-01-23T14:30:00+00:00,234.96,240.45,234.57,239.16,33778500
AMZN,2026-01-26T14:30:00+00:00,239.98,240.95,237.54,238.42,32825500
AMZN,2026-01-27T14:30:00+00:00,239.69,244.88,238.08,244.68,38029200
AMZN,2026-01-28T14:30:00+00:00,246.37,247.78,241.53,243.01,40882700
AMZN,2026-01-29T14:30:00+00:00,242.82,243,236.74,241.73,47229600
AMZN,2026-01-30T14:30:00+00:00,239.89,243.32,237.64,239.3,46585000
AMZN,2026-02-02T14:30:00+00:00,238.31,245.63,238.17,242.96,37546100
AMZN,2026-02-03T14:30:00+00:00,244.98,246.35,235.45,238.62,53831300
AMZN,2026-02-04T14:30:00+00:00,238.86,238.86,231.82,232.99,51299900
AMZN,2026-02-05T14:30:00+00:00,224.91,226.31,220.38,222.69,103509200
AMZN,2026-02-06T14:30:00+00:00,202.7,211.44,200.31,210.32,179210900
AMZN,2026-02-09T14:30:00+00:00,208.97,212.81,203.35,208.72,91178400
AMZN,2026-02-10T14:30:00+00:00,208.8,212.65,206.41,206.96,67175000
AMZN,2026-02-11T14:30:00+00:00,208.06,208.57,202.49,204.08,65545500
AMZN,2026-02-12T14:30:00+00:00,203.96,203.96,197.56,199.6,83975400
AMZN,2026-02-13T14:30:00+00:00,198.88,201.16,197.28,198.79,66321600
AMZN,2026-02-17T14:30:00+00:00,198.13,201.74,196,201.15,69879200
AMZN,2026-02-18T14:30:00+00:00,202.07,206.86,201.51,204.79,51003300
AMZN,2026-02-19T14:30:00+00:00,203.8,205.64,202.81,204.86,35669600
AMZN,2026-02-20T14:30:00+00:00,204.76,211.17,203.75,210.11,65881600
AMZN,2026-02-23T14:30:00+00:00,208.1,208.43,203.11,205.27,53581500
AMZN,2026-02-24T14:30:00+00:00,205.47,210.36,203.25,208.56,41137200
AMZN,2026-02-25T14:30:00+00:00,210.46,211.59,208.93,210.64,41346400
AMZN,2026-02-26T14:30:00+00:00,210.73,211.05,205.35,207.92,47756800
AMZN,2026-02-27T14:30:00+00:00,206.83,210.33,205.2,210,57422800
AMZN,2026-03-02T14:30:00+00:00,204.55,209.73,203.46,208.39,46001000
AMZN,2026-03-03T14:30:00+00:00,203.1,209.18,202.48,208.73,43184900
AMZN,2026-03-04T14:30:00+00:00,210.47,217.54,210.15,216.82,54731100
AMZN,2026-03-05T14:30:00+00:00,215.98,220.47,215.59,218.94,60943400
AMZN,2026-03-06T14:30:00+00:00,214.99,217.32,212.53,213.21,51152700
AMZN,2026-03-09T13:30:00+00:00,210.45,213.82,207.11,213.49,54642900
AMZN,2026-03-10T13:30:00+00:00,214.19,215.65,212.43,214.33,35678800
AMZN,2026-03-11T13:30:00+00:00,215.71,217,211.35,212.65,34199300
AMZN,2026-03-12T13:30:00+00:00,210.39,211.71,208.15,209.53,44349500
AMZN,2026-03-13T13:30:00+00:00,209.61,210.56,206.22,207.67,35662100
AMZN,2026-03-16T13:30:00+00:00,208.35,212.72,207.45,211.74,42209300
AMZN,2026-03-17T13:30:00+00:00,212.82,215.7,212.43,215.2,44969900
AMZN,2026-03-18T13:30:00+00:00,213.93,215.14,208.83,209.87,37846600
AMZN,2026-03-19T13:30:00+00:00,207.06,209.12,206.05,208.76,36440600
AMZN,2026-03-20T13:30:00+00:00,207.4,207.54,204.32,205.37,63694600
AMZN,2026-03-23T13:30:00+00:00,209.79,212.8,209.51,210.14,44277400
AMZN,2026-03-24T13:30:00+00:00,207.95,209.35,206.64,207.24,35351400
AMZN,2026-03-25T13:30:00+00:00,211.56,213.07,209.9,211.71,36388800
AMZN,2026-03-26T13:30:00+00:00,210.61,212.89,207.12,207.54,46746000
AMZN,2026-03-27T13:30:00+00:00,206.46,206.6,199.14,199.34,56009800
AMZN,2026-03-30T13:30:00+00:00,201.48,203.8,199.98,200.95,46373800
AMZN,2026-03-31T13:30:00+00:00,204.85,210.28,204.14,208.27,58470100
AMZN,2026-04-01T13:30:00+00:00,210.44,213.58,208.19,210.57,45955400
AMZN,2026-04-02T13:30:00+00:00,206.54,212.21,204.9,209.77,31453000
AMZN,2026-04-06T13:30:00+00:00,209.8,212.95,209.59,212.79,25385500
AMZN,2026-04-07T13:30:00+00:00,211.24,213.97,209.08,213.77,28154600
AMZN,2026-04-08T13:30:00+00:00,223.79,226.1,219.62,221.25,51092700
AMZN,2026-04-09T13:30:00+00:00,225.23,233.8,223.27,233.65,65964200
AMZN,2026-04-10T13:30:00+00:00,235.3,240.43,235.21,238.38,56912800
AMZN,2026-04-13T13:30:00+00:00,237.45,240,235.75,239.89,42166200
AMZN,2026-04-14T13:30:00+00:00,241.78,252.18,241.78,249.02,72685000
AMZN,2026-04-15T13:30:00+00:00,249.25,250.44,247.2,248.5,43045200
AMZN,2026-04-16T13:30:00+00:00,248.51,250,244.2,249.7,41895700
AMZN,2026-04-17T13:30:00+00:00,254.99,256.18,250.11,250.56,52029300
AMZN,2026-04-20T13:30:00+00:00,249.19,250.18,245.37,248.28,39463100
AMZN,2026-04-21T13:30:00+00:00,255.09,255.09,249.1,249.91,42922400
AMZN,2026-04-22T13:30:00+00:00,252.44,255.94,250.33,255.36,36065100
AMZN,2026-04-23T13:30:00+00:00,255.39,258.79,253.07,255.08,39091400
AMZN,2026-04-24T13:30:00+00:00,259.98,264.5,257.69,263.99,53777400
AMZN,2026-04-27T13:30:00+00:00,263.46,264.15,260.34,261.12,44906800
AMZN,2026-04-28T13:30:00+00:00,258.39,261.03,256.63,259.7,42204400
AMZN,2026-04-29T13:30:00+00:00,257.99,265.91,257.7,263.04,72367900
AMZN,2026-04-30T13:30:00+00:00,273.17,273.88,256.16,265.06,100974900
AMZN,2026-05-01T13:30:00+00:00,265.58,273.32,262.74,268.26,50825200
AMZN,2026-05-04T13:30:00+00:00,268.8,276.1,268.8,272.05,49083700
AMZN,2026-05-05T13:30:00+00:00,276.08,278.56,272.38,273.55,41908500
AMZN,2026-05-06T13:30:00+00:00,272.89,277.8,272.21,274.99,44552000
AMZN,2026-05-07T13:30:00+00:00,275.02,276.63,270.49,271.17,35892900
AMZN,2026-05-08T13:30:00+00:00,271.63,274,269.95,272.68,34732700
AMZN,2026-05-11T13:30:00+00:00,269.84,273.63,268.48,268.99,38176700
AMZN,2026-05-12T13:30:00+00:00,266.71,267.65,262.63,265.82,36776200
AMZN,2026-05-13T13:30:00+00:00,264.43,270.72,263.2,270.13,39670900
AMZN,2026-05-14T13:30:00+00:00,269.15,270.78,266.63,267.22,31338400
AMZN,2026-05-15T13:30:00+00:00,262.5,264.36,260.89,264.14,40770300
AMZN,2026-05-18T13:30:00+00:00,263.87,268.85,262.53,264.86,33690800
AMZN,2026-05-19T13:30:00+00:00,262.04,262.25,255.19,259.34,40340700
AMZN,2026-05-20T13:30:00+00:00,260.05,265.58,259.53,265.01,34933200
AMZN,2026-05-21T13:30:00+00:00,263.5,269.49,261.37,268.46,36591700
AMZN,2026-05-22T13:30:00+00:00,268.66,269.79,266.24,266.32,27535500
AMZN,2026-05-26T13:30:00+00:00,267.94,269.3,262.07,265.29,38028100
AMZN,2026-05-27T13:30:00+00:00,266.15,272.41,265.7,271.85,40061900
AMZN,2026-05-28T13:30:00+00:00,272.27,274.5,267.44,274,40630400
AMZN,2026-05-29T13:30:00+00:00,271.29,274.75,269.64,270.64,54749600
AMZN,2026-06-01T13:30:00+00:00,266.29,266.63,260.7,261.26,53604400
AMZN,2026-06-02T13:30:00+00:00,257.16,261.2,254.37,256.52,41811000
AMZN,2026-06-03T13:30:00+00:00,254.7,257.09,247.71,250.02,51394200
AMZN,2026-06-04T13:30:00+00:00,253.12,255.83,251.75,253.79,35609800
AMZN,2026-06-05T13:30:00+00:00,254.26,256.38,245.78,246.03,55607800
AMZN,2026-06-08T13:30:00+00:00,246.68,249.42,243.36,245.22,33899500
AMZN,2026-06-09T13:30:00+00:00,247.73,250.43,240.4,244.19,44425400
AMZN,2026-06-10T13:30:00+00:00,243.61,244.07,237.45,238,38590200
AMZN,2026-06-11T13:30:00+00:00,237.93,242.14,235.18,241.51,41335400
AMZN,2026-06-12T13:30:00+00:00,243.21,243.36,233.59,238.55,51186600
AMZN,2026-06-15T13:30:00+00:00,245.02,247.81,244.73,246.02,41711600
AMZN,2026-06-16T13:30:00+00:00,248,249.51,245.45,246,35187400
AMZN,2026-06-17T13:30:00+00:00,244.9,245.91,236,237.5,44780800
AMZN,2026-06-18T13:30:00+00:00,240.12,245.73,236.02,244.39,75624400
AMZN,2026-06-22T13:30:00+00:00,240.08,242,232.24,232.79,68388500
AMZN,2026-06-23T13:30:00+00:00,232.55,236.87,232,234.11,60492600
AMZN,2026-06-24T13:30:00+00:00,233.85,242.42,232.95,234.27,70282600
AMZN,2026-06-25T13:30:00+00:00,232.02,232.32,225.55,227.01,77674100
AMZN,2026-06-26T13:30:00+00:00,227.21,233.9,226.13,232.69,248372100
AMZN,2026-06-29T13:30:00+00:00,234.22,249.71,233.8,240.14,77619200
AMZN,2026-06-30T13:30:00+00:00,237.35,241.54,237.17,238.34,66228300
AMZN,2026-07-01T13:30:00+00:00,239.98,244.9,234.9,241.7,52701301
MSFT,2026-01-02T14:30:00+00:00,484.39,484.66,470.16,472.94,25571600
MSFT,2026-01-05T14:30:00+00:00,474.06,476.07,469.5,472.85,25250300
MSFT,2026-01-06T14:30:00+00:00,473.8,478.74,469.75,478.51,23037700
MSFT,2026-01-07T14:30:00+00:00,479.76,489.7,477.95,483.47,25564200
MSFT,2026-01-08T14:30:00+00:00,481.24,482.66,475.86,478.11,18162600
MSFT,2026-01-09T14:30:00+00:00,474.06,479.82,472.2,479.28,18491000
MSFT,2026-01-12T14:30:00+00:00,476.67,480.99,475.68,477.18,23519900
MSFT,2026-01-13T14:30:00+00:00,474.68,475.78,465.95,470.67,28545800
MSFT,2026-01-14T14:30:00+00:00,466.46,468.2,457.17,459.38,28184300
MSFT,2026-01-15T14:30:00+00:00,464.12,464.25,455.9,456.66,23225800
MSFT,2026-01-16T14:30:00+00:00,457.83,463.19,456.48,459.86,34246700
MSFT,2026-01-20T14:30:00+00:00,451.22,456.8,449.28,454.52,26130000
MSFT,2026-01-21T14:30:00+00:00,452.6,452.69,438.68,444.11,37980500
MSFT,2026-01-22T14:30:00+00:00,447.62,452.84,444.7,451.14,25349400
MSFT,2026-01-23T14:30:00+00:00,451.87,471.1,450.53,465.95,38000200
MSFT,2026-01-26T14:30:00+00:00,465.31,474.25,462,470.28,29291200
MSFT,2026-01-27T14:30:00+00:00,473.7,482.87,473.16,480.58,29213900
MSFT,2026-01-28T14:30:00+00:00,483.21,483.74,478,481.63,36875400
MSFT,2026-01-29T14:30:00+00:00,439.99,442.5,421.02,433.5,128855300
MSFT,2026-01-30T14:30:00+00:00,439.17,439.6,426.45,430.29,58566800
MSFT,2026-02-02T14:30:00+00:00,430.24,430.74,422.25,423.37,42219900
MSFT,2026-02-03T14:30:00+00:00,422.01,422.05,408.56,411.21,61424100
MSFT,2026-02-04T14:30:00+00:00,411,419.8,409.24,414.19,45012400
MSFT,2026-02-05T14:30:00+00:00,407.44,408.3,392.32,393.67,66289200
MSFT,2026-02-06T14:30:00+00:00,399.17,401.79,392.92,401.14,53515300
MSFT,2026-02-09T14:30:00+00:00,404.85,414.89,400.87,413.6,45480500
MSFT,2026-02-10T14:30:00+00:00,419.62,423.68,412.7,413.27,44857900
MSFT,2026-02-11T14:30:00+00:00,416.18,416.46,401.01,404.37,42491000
MSFT,2026-02-12T14:30:00+00:00,405,406.2,398.01,401.84,40802400
MSFT,2026-02-13T14:30:00+00:00,404.45,405.54,398.05,401.32,34091600
MSFT,2026-02-17T14:30:00+00:00,399.22,400.52,394.53,396.86,32078800
MSFT,2026-02-18T14:30:00+00:00,398.13,402.56,396.32,399.6,23223400
MSFT,2026-02-19T14:30:00+00:00,400.69,404.43,396.67,398.46,28234000
MSFT,2026-02-20T14:30:00+00:00,396.11,400.12,395.16,397.23,34015200
MSFT,2026-02-23T14:30:00+00:00,395,395.36,383.1,384.47,43238300
MSFT,2026-02-24T14:30:00+00:00,384.14,389.36,381.71,389,33884700
MSFT,2026-02-25T14:30:00+00:00,390.53,401.47,390.16,400.6,43625500
MSFT,2026-02-26T14:30:00+00:00,404.71,407.49,398.74,401.72,34405900
MSFT,2026-02-27T14:30:00+00:00,390.88,396.82,389.88,392.74,51367200
MSFT,2026-03-02T14:30:00+00:00,392.86,401.19,390.63,398.55,35474900
MSFT,2026-03-03T14:30:00+00:00,393.14,406.7,392.67,403.93,38199200
MSFT,2026-03-04T14:30:00+00:00,401.27,411.03,400.31,405.2,35808000
MSFT,2026-03-05T14:30:00+00:00,404.42,411.61,404.4,410.68,39001300
MSFT,2026-03-06T14:30:00+00:00,409.2,413.05,408.51,408.96,31123900
MSFT,2026-03-09T13:30:00+00:00,404.92,410.21,403.5,409.41,30131900
MSFT,2026-03-10T13:30:00+00:00,410.03,410.2,402.93,405.76,31706400
MSFT,2026-03-11T13:30:00+00:00,405.57,409.01,401.59,404.88,25512100
MSFT,2026-03-12T13:30:00+00:00,404.63,406.12,401.71,401.86,27263900
MSFT,2026-03-13T13:30:00+00:00,401,404.8,394.25,395.55,26848000
MSFT,2026-03-16T13:30:00+00:00,398.07,400.63,394.79,399.95,27733700
MSFT,2026-03-17T13:30:00+00:00,400.27,404.4,397.75,399.41,26228300
MSFT,2026-03-18T13:30:00+00:00,397.13,398,391,391.79,25908500
MSFT,2026-03-19T13:30:00+00:00,390.1,392.49,387.06,389.02,25138800
MSFT,2026-03-20T13:30:00+00:00,386.79,387,380.12,381.87,50853200
MSFT,2026-03-23T13:30:00+00:00,383.9,387.21,381.68,383,29680100
MSFT,2026-03-24T13:30:00+00:00,382.36,382.47,371.85,372.74,42733600
MSFT,2026-03-25T13:30:00+00:00,376.92,377.06,369.63,371.04,31181200
MSFT,2026-03-26T13:30:00+00:00,370.82,374.72,365.19,365.97,36836600
MSFT,2026-03-27T13:30:00+00:00,361.9,362.45,356.51,356.77,37883400
MSFT,2026-03-30T13:30:00+00:00,361.9,365.36,356.28,358.96,44797000
MSFT,2026-03-31T13:30:00+00:00,364.55,372.9,363.07,370.17,45244400
MSFT,2026-04-01T13:30:00+00:00,373.49,373.99,368.2,369.37,29417200
MSFT,2026-04-02T13:30:00+00:00,367.21,373.64,364.15,373.46,24099100
MSFT,2026-04-06T13:30:00+00:00,373.49,373.73,369.5,372.88,16146600
MSFT,2026-04-07T13:30:00+00:00,370.34,372.45,366.56,372.29,21443300
MSFT,2026-04-08T13:30:00+00:00,384.98,385,371.41,374.33,33064800
MSFT,2026-04-09T13:30:00+00:00,372.5,373.5,367.05,373.07,30435300
MSFT,2026-04-10T13:30:00+00:00,372.98,375.64,370.03,370.87,28111100
MSFT,2026-04-13T13:30:00+00:00,373.61,384.54,371.02,384.37,35745800
MSFT,2026-04-14T13:30:00+00:00,387.92,394.69,386.52,393.11,37504500
MSFT,2026-04-15T13:30:00+00:00,398,414.37,396.73,411.22,45063400
MSFT,2026-04-16T13:30:00+00:00,419.86,420.82,412.14,420.26,41642400
MSFT,2026-04-17T13:30:00+00:00,424.82,431.58,420.69,422.79,48568200
MSFT,2026-04-20T13:30:00+00:00,421.15,423.33,416.3,418.07,27582200
MSFT,2026-04-21T13:30:00+00:00,420.24,427.18,417.2,424.16,32048500
MSFT,2026-04-22T13:30:00+00:00,426.19,433.7,423.67,432.92,29378200
MSFT,2026-04-23T13:30:00+00:00,419.89,423.66,411.41,415.75,38308000
MSFT,2026-04-24T13:30:00+00:00,416.97,424.95,415.8,424.62,27457400
MSFT,2026-04-27T13:30:00+00:00,422.38,427.11,417.07,424.82,30867300
MSFT,2026-04-28T13:30:00+00:00,424.57,429.92,421.9,429.25,30438100
MSFT,2026-04-29T13:30:00+00:00,424.58,426.82,420.29,424.46,38288300
MSFT,2026-04-30T13:30:00+00:00,410.81,414.42,398.01,407.78,70909400
MSFT,2026-05-01T13:30:00+00:00,412.8,417.11,410.44,414.44,31372400
MSFT,2026-05-04T13:30:00+00:00,411.54,420.78,410.8,413.62,28066500
MSFT,2026-05-05T13:30:00+00:00,415.32,416.78,408.8,411.38,25700900
MSFT,2026-05-06T13:30:00+00:00,408,418.42,405.11,413.96,30285900
MSFT,2026-05-07T13:30:00+00:00,420.11,427.98,418.76,420.77,34942400
MSFT,2026-05-08T13:30:00+00:00,417.39,418.63,414,415.12,33383800
MSFT,2026-05-11T13:30:00+00:00,407.87,412.69,405.5,412.66,35657900
MSFT,2026-05-12T13:30:00+00:00,414.48,415.5,406.64,407.77,38594200
MSFT,2026-05-13T13:30:00+00:00,403.2,406.31,401.03,405.21,29667100
MSFT,2026-05-14T13:30:00+00:00,404.48,411.84,400.88,409.43,27077500
MSFT,2026-05-15T13:30:00+00:00,414.27,428.17,412.91,421.92,50771200
MSFT,2026-05-18T13:30:00+00:00,416.62,425.12,415.61,423.54,32564100
MSFT,2026-05-19T13:30:00+00:00,429.9,432.7,416.49,417.42,33018700
MSFT,2026-05-20T13:30:00+00:00,414.17,422.1,411.3,421.06,27864000
MSFT,2026-05-21T13:30:00+00:00,424.75,426.34,415.71,419.09,31393500
MSFT,2026-05-22T13:30:00+00:00,419.54,424.4,416.33,418.57,22390300
MSFT,2026-05-26T13:30:00+00:00,416.43,419.77,413.02,416.03,30398000
MSFT,2026-05-27T13:30:00+00:00,411.01,415.94,409.58,412.67,28901500
MSFT,2026-05-28T13:30:00+00:00,412.98,429.49,412.67,426.99,47250500
MSFT,2026-05-29T13:30:00+00:00,432.55,450.33,432.36,450.24,79654400
MSFT,2026-06-01T13:30:00+00:00,464.84,466.32,458.27,460.52,53628900
MSFT,2026-06-02T13:30:00+00:00,446.88,453.5,440.43,441.31,37036800
MSFT,2026-06-03T13:30:00+00:00,438.45,440.39,424.25,427.34,39037000
MSFT,2026-06-04T13:30:00+00:00,435.81,436.15,426.41,428.05,26899500
MSFT,2026-06-05T13:30:00+00:00,428.34,429.47,414.4,416.67,34782200
MSFT,2026-06-08T13:30:00+00:00,414.14,417.16,408.56,411.74,32086700
MSFT,2026-06-09T13:30:00+00:00,409.03,411.98,398.48,403.41,35317300
MSFT,2026-06-10T13:30:00+00:00,398.55,405.04,397.16,397.36,32576000
MSFT,2026-06-11T13:30:00+00:00,395.21,396.85,384,390.34,47224100
MSFT,2026-06-12T13:30:00+00:00,391.43,391.74,382.27,390.74,34865800
MSFT,2026-06-15T13:30:00+00:00,396.8,401.75,392.85,399.76,32266400
MSFT,2026-06-16T13:30:00+00:00,395.79,396.84,390.69,393.83,31506800
MSFT,2026-06-17T13:30:00+00:00,390.25,390.37,377.32,378.91,41987800
MSFT,2026-06-18T13:30:00+00:00,377.82,381.37,373.28,379.4,59714200
MSFT,2026-06-22T13:30:00+00:00,375.74,381.63,367.07,367.34,45171100
MSFT,2026-06-23T13:30:00+00:00,372.38,377.22,370.67,373.94,40647600
MSFT,2026-06-24T13:30:00+00:00,371.57,378.88,364.78,365.46,44509900
MSFT,2026-06-25T13:30:00+00:00,362.77,364.23,349.2,352.83,66179000
MSFT,2026-06-26T13:30:00+00:00,357.15,376.61,355.43,372.97,186201600
MSFT,2026-06-29T13:30:00+00:00,377.5,380.5,359.9,368.57,51229900
MSFT,2026-06-30T13:30:00+00:00,371.03,374.15,367.45,373.02,44945700
MSFT,2026-07-01T13:30:00+00:00,380.825,388.83,374.89,384.28,43832611
NVDA,2026-01-02T14:30:00+00:00,189.84,192.93,188.26,188.85,148240500
NVDA,2026-01-05T14:30:00+00:00,191.76,193.63,186.15,188.12,183529700
NVDA,2026-01-06T14:30:00+00:00,190.52,192.17,186.82,187.24,176862600
NVDA,2026-01-07T14:30:00+00:00,188.57,191.37,186.56,189.11,153543200
NVDA,2026-01-08T14:30:00+00:00,189.11,189.55,183.71,185.04,172457000
NVDA,2026-01-09T14:30:00+00:00,185.08,186.34,183.67,184.86,131327500
NVDA,2026-01-12T14:30:00+00:00,183.22,187.12,183.02,184.94,137968500
NVDA,2026-01-13T14:30:00+00:00,185,188.11,183.4,185.81,160128900
NVDA,2026-01-14T14:30:00+00:00,184.32,184.46,180.8,183.14,159586100
NVDA,2026-01-15T14:30:00+00:00,186.5,189.7,186.33,187.05,206188600
NVDA,2026-01-16T14:30:00+00:00,189.08,190.44,186.08,186.23,187967200
NVDA,2026-01-20T14:30:00+00:00,181.9,182.38,177.61,178.07,223345300
NVDA,2026-01-21T14:30:00+00:00,179.05,185.38,178.4,183.32,200381000
NVDA,2026-01-22T14:30:00+00:00,184.75,186.17,183.93,184.84,139636600
NVDA,2026-01-23T14:30:00+00:00,187.5,189.6,186.82,187.67,142748100
NVDA,2026-01-26T14:30:00+00:00,187.16,189.12,185.99,186.47,124799600
NVDA,2026-01-27T14:30:00+00:00,187.24,190,185.7,188.52,143711600
NVDA,2026-01-28T14:30:00+00:00,191.27,192.35,189.84,191.52,148552700
NVDA,2026-01-29T14:30:00+00:00,191.34,193.48,186.06,192.51,171764400
NVDA,2026-01-30T14:30:00+00:00,191.21,194.49,189.47,191.13,179489500
NVDA,2026-02-02T14:30:00+00:00,187.2,190.3,184.88,185.61,165794100
NVDA,2026-02-03T14:30:00+00:00,186.24,186.27,176.23,180.34,204019600
NVDA,2026-02-04T14:30:00+00:00,179.46,179.58,171.91,174.19,207014100
NVDA,2026-02-05T14:30:00+00:00,174.93,176.82,171.03,171.88,206312900
NVDA,2026-02-06T14:30:00+00:00,176.69,187,174.6,185.41,231346200
NVDA,2026-02-09T14:30:00+00:00,184.26,193.66,183.95,190.04,196387400
NVDA,2026-02-10T14:30:00+00:00,191.38,192.48,188.12,188.54,136764800
NVDA,2026-02-11T14:30:00+00:00,192.45,193.26,188.77,190.05,144192700
NVDA,2026-02-12T14:30:00+00:00,193.03,193.61,186.51,186.94,189932500
NVDA,2026-02-13T14:30:00+00:00,187.48,187.5,181.59,182.81,161888000
NVDA,2026-02-17T14:30:00+00:00,181.75,187.15,179.18,184.97,162276900
NVDA,2026-02-18T14:30:00+00:00,188.75,190.37,186.76,187.98,164749100
NVDA,2026-02-19T14:30:00+00:00,187.06,188.43,185.66,187.9,126554500
NVDA,2026-02-20T14:30:00+00:00,186.57,190.33,185.94,189.82,178422300
NVDA,2026-02-23T14:30:00+00:00,191.4,193.95,189.58,191.55,171584800
NVDA,2026-02-24T14:30:00+00:00,191.49,193.77,187.4,192.85,175123600
NVDA,2026-02-25T14:30:00+00:00,194.45,197.63,193.79,195.56,250637100
NVDA,2026-02-26T14:30:00+00:00,194.27,194.29,184.32,184.89,360807900
NVDA,2026-02-27T14:30:00+00:00,181.25,182.59,176.38,177.19,311636500
NVDA,2026-03-02T14:30:00+00:00,175.01,183.46,174.64,182.48,209095300
NVDA,2026-03-03T14:30:00+00:00,178.49,180.9,176.92,180.05,178099400
NVDA,2026-03-04T14:30:00+00:00,180.44,184.7,180.06,183.04,177731200
NVDA,2026-03-05T14:30:00+00:00,181.17,184.06,177.88,183.34,198779700
NVDA,2026-03-06T14:30:00+00:00,179.84,182.76,176.82,177.82,189021900
NVDA,2026-03-09T13:30:00+00:00,176.83,182.91,175.56,182.65,177213600
NVDA,2026-03-10T13:30:00+00:00,182.4,186.44,182.01,184.77,179118500
NVDA,2026-03-11T13:30:00+00:00,185.91,187.62,184.45,186.03,145280400
NVDA,2026-03-12T13:30:00+00:00,184.05,184.94,181.75,183.14,155762700
NVDA,2026-03-13T13:30:00+00:00,184.92,186.09,179.94,180.25,160988400
NVDA,2026-03-16T13:30:00+00:00,182.97,188.88,181.41,183.22,217307400
NVDA,2026-03-17T13:30:00+00:00,185.06,185.4,181.68,181.93,182497800
NVDA,2026-03-18T13:30:00+00:00,182.48,183.38,180.33,180.4,156683100
NVDA,2026-03-19T13:30:00+00:00,178.01,179.98,175.79,178.56,170968500
NVDA,2026-03-20T13:30:00+00:00,178,178.26,171.72,172.7,241323500
NVDA,2026-03-23T13:30:00+00:00,177.26,178.37,174.76,175.64,182836300
NVDA,2026-03-24T13:30:00+00:00,174.83,176.22,173.98,175.2,147667800
NVDA,2026-03-25T13:30:00+00:00,177.1,181.22,176.85,178.68,162602100
NVDA,2026-03-26T13:30:00+00:00,176.07,176.51,171.14,171.24,186152200
NVDA,2026-03-27T13:30:00+00:00,170,170.97,167.01,167.52,196212700
NVDA,2026-03-30T13:30:00+00:00,168.78,169.45,164.27,165.17,185627000
NVDA,2026-03-31T13:30:00+00:00,166.97,174.62,166.96,174.4,226181300
NVDA,2026-04-01T13:30:00+00:00,176,177.37,174.75,175.75,168132000
NVDA,2026-04-02T13:30:00+00:00,172.18,177.49,171.37,177.39,143143200
NVDA,2026-04-06T13:30:00+00:00,177.16,177.79,175.76,177.64,107564300
NVDA,2026-04-07T13:30:00+00:00,175.73,178.23,173.66,178.1,132534900
NVDA,2026-04-08T13:30:00+00:00,184.5,185.26,180.3,182.08,147732700
NVDA,2026-04-09T13:30:00+00:00,181.84,184.08,180.62,183.91,116428500
NVDA,2026-04-10T13:30:00+00:00,184.31,190,184.3,188.63,160459500
NVDA,2026-04-13T13:30:00+00:00,186.03,189.66,185.74,189.31,133648200
NVDA,2026-04-14T13:30:00+00:00,190.84,196.51,190.77,196.51,161307000
NVDA,2026-04-15T13:30:00+00:00,196.54,200.4,195.74,198.87,185338400
NVDA,2026-04-16T13:30:00+00:00,197.43,199.85,195.81,198.35,134012900
NVDA,2026-04-17T13:30:00+00:00,199.9,201.7,199.27,201.68,160324400
NVDA,2026-04-20T13:30:00+00:00,199.98,202.17,197.84,202.06,119381400
NVDA,2026-04-21T13:30:00+00:00,202.13,202.75,199,199.88,107945300
NVDA,2026-04-22T13:30:00+00:00,200.99,202.5,199,202.5,107501000
NVDA,2026-04-23T13:30:00+00:00,202.46,203.83,197.22,199.64,113561800
NVDA,2026-04-24T13:30:00+00:00,199.96,210.95,199.81,208.27,214134400
NVDA,2026-04-27T13:30:00+00:00,209.65,216.83,207.38,216.61,187172400
NVDA,2026-04-28T13:30:00+00:00,209.49,214.73,208.2,213.17,180275400
NVDA,2026-04-29T13:30:00+00:00,212.7,212.72,207.58,209.25,123711800
NVDA,2026-04-30T13:30:00+00:00,209.93,210.3,198.7,199.57,225239200
NVDA,2026-05-01T13:30:00+00:00,201.28,203,197.12,198.45,128647000
NVDA,2026-05-04T13:30:00+00:00,199.5,201.73,194.74,198.48,125368100
NVDA,2026-05-05T13:30:00+00:00,199.3,200.24,196.03,196.5,113406600
NVDA,2026-05-06T13:30:00+00:00,199.89,208.27,198.61,207.83,188362800
NVDA,2026-05-07T13:30:00+00:00,208.34,214.2,206.5,211.5,168307900
NVDA,2026-05-08T13:30:00+00:00,213.03,217.8,212.89,215.2,136421400
NVDA,2026-05-11T13:30:00+00:00,214.04,222.3,213.89,219.44,160685800
NVDA,2026-05-12T13:30:00+00:00,218.55,223.75,214.92,220.78,159176600
NVDA,2026-05-13T13:30:00+00:00,224.93,227.84,221.57,225.83,150405400
NVDA,2026-05-14T13:30:00+00:00,229.85,236.54,229.3,235.74,180782900
NVDA,2026-05-15T13:30:00+00:00,229.76,231.5,224.24,225.32,180977600
NVDA,2026-05-18T13:30:00+00:00,229.87,230,218.37,222.32,146280900
NVDA,2026-05-19T13:30:00+00:00,219.62,224.48,217.91,220.61,140948200
NVDA,2026-05-20T13:30:00+00:00,223.18,226.13,220.5,223.47,184201600
NVDA,2026-05-21T13:30:00+00:00,222.29,227.4,217.93,219.51,203381800
NVDA,2026-05-22T13:30:00+00:00,220.9,221.01,214.8,215.33,169275700
NVDA,2026-05-26T13:30:00+00:00,216.54,218.18,212,214.86,187202600
NVDA,2026-05-27T13:30:00+00:00,214.12,214.15,208.78,212.6,167601200
NVDA,2026-05-28T13:30:00+00:00,211.28,215.52,211.22,214.25,143996000
NVDA,2026-05-29T13:30:00+00:00,214.58,217.86,211.13,211.14,289410600
NVDA,2026-06-01T13:30:00+00:00,215.73,224.87,215.7,224.36,212850700
NVDA,2026-06-02T13:30:00+00:00,227.18,232.28,221.35,222.82,193362900
NVDA,2026-06-03T13:30:00+00:00,221.72,222.82,214.51,214.75,160907000
NVDA,2026-06-04T13:30:00+00:00,213.91,221.6,210.97,218.66,169022200
NVDA,2026-06-05T13:30:00+00:00,214.53,214.87,204.33,205.1,219655500
NVDA,2026-06-08T13:30:00+00:00,210.18,210.47,206,208.64,138372800
NVDA,2026-06-09T13:30:00+00:00,210.62,211.4,199.34,208.19,180962500
NVDA,2026-06-10T13:30:00+00:00,204.43,207.22,199.92,200.42,161746600
NVDA,2026-06-11T13:30:00+00:00,201.49,205.66,199.54,204.87,158643200
NVDA,2026-06-12T13:30:00+00:00,204.86,207.07,203.44,205.19,112001800
NVDA,2026-06-15T13:30:00+00:00,208.92,212.71,208.34,212.45,149936700
NVDA,2026-06-16T13:30:00+00:00,211.18,211.49,207.29,207.41,125694100
NVDA,2026-06-17T13:30:00+00:00,208.53,209.21,203.08,204.65,128363500
NVDA,2026-06-18T13:30:00+00:00,207.33,211.39,206.5,210.69,241272000
NVDA,2026-06-22T13:30:00+00:00,211.44,213.99,207.72,208.65,122041400
NVDA,2026-06-23T13:30:00+00:00,202.17,203.77,200,200.04,153496200
NVDA,2026-06-24T13:30:00+00:00,200.12,201.67,196.58,199,151810700
NVDA,2026-06-25T13:30:00+00:00,200.08,200.8,192.13,195.74,149550000
NVDA,2026-06-26T13:30:00+00:00,193.12,195.55,191.22,192.53,179304100
NVDA,2026-06-29T13:30:00+00:00,193.85,196.18,189.8,194.97,148835700
NVDA,2026-06-30T13:30:00+00:00,197.24,200.63,195.11,200.09,166476700
NVDA,2026-07-01T13:30:00+00:00,196.17,199.85,193.45,197.58,134672012
QQQ,2026-01-02T14:30:00+00:00,620.06,622.85,610.15,613.12,61859200
QQQ,2026-01-05T14:30:00+00:00,619.32,620.81,616.72,617.99,46828400
QQQ,2026-01-06T14:30:00+00:00,619.23,624.02,618.54,623.42,43137500
QQQ,2026-01-07T14:30:00+00:00,623.04,627.94,622.56,624.02,44880300
QQQ,2026-01-08T14:30:00+00:00,623.03,623.42,617.8,620.47,50435900
QQQ,2026-01-09T14:30:00+00:00,621.41,627.89,619.06,626.65,49688700
QQQ,2026-01-12T14:30:00+00:00,622.31,628.85,622.26,627.17,37388700
QQQ,2026-01-13T14:30:00+00:00,627.27,629.47,623.7,626.24,44481400
QQQ,2026-01-14T14:30:00+00:00,622.24,623.45,614.56,619.55,72598700
QQQ,2026-01-15T14:30:00+00:00,626.6,630,620.75,621.78,53934900
QQQ,2026-01-16T14:30:00+00:00,625.5,626.08,618.88,621.26,61058100
QQQ,2026-01-20T14:30:00+00:00,610.53,615.06,607.05,608.06,81988900
QQQ,2026-01-21T14:30:00+00:00,609.47,620.42,607.86,616.28,79837900
QQQ,2026-01-22T14:30:00+00:00,622.35,622.46,617.78,620.76,42254800
QQQ,2026-01-23T14:30:00+00:00,619.73,625.4,618.65,622.72,43645800
QQQ,2026-01-26T14:30:00+00:00,623.21,627.61,622.12,625.46,35983000
QQQ,2026-01-27T14:30:00+00:00,628.91,632.04,627.34,631.13,38997200
QQQ,2026-01-28T14:30:00+00:00,635.46,636.6,631.81,633.22,50691700
QQQ,2026-01-29T14:30:00+00:00,632.65,633.67,618.27,629.43,79944000
QQQ,2026-01-30T14:30:00+00:00,625.71,628.26,619.3,621.87,65650700
QQQ,2026-02-02T14:30:00+00:00,618.7,628.49,618.66,626.14,49020300
QQQ,2026-02-03T14:30:00+00:00,628.3,629.98,610.96,616.52,81234000
QQQ,2026-02-04T14:30:00+00:00,615.02,615.1,600.47,605.75,81850700
QQQ,2026-02-05T14:30:00+00:00,600.21,604.81,594.76,597.03,89354500
QQQ,2026-02-06T14:30:00+00:00,600.19,611.41,598.77,609.65,78019300
QQQ,2026-02-09T14:30:00+00:00,607.54,616.46,605.07,614.32,56797600
QQQ,2026-02-10T14:30:00+00:00,615.31,617.02,611.01,611.47,53938900
QQQ,2026-02-11T14:30:00+00:00,616.38,617.52,607.69,613.11,58575100
QQQ,2026-02-12T14:30:00+00:00,614.71,615.81,599.57,600.64,81378900
QQQ,2026-02-13T14:30:00+00:00,600.43,606.48,596.42,601.92,69237500
QQQ,2026-02-17T14:30:00+00:00,598.38,603.95,593.34,601.3,69013800
QQQ,2026-02-18T14:30:00+00:00,602.11,609.77,600.72,605.79,64250700
QQQ,2026-02-19T14:30:00+00:00,602.81,605.82,600.75,603.47,60960800
QQQ,2026-02-20T14:30:00+00:00,600.12,610.35,599.23,608.81,74127300
QQQ,2026-02-23T14:30:00+00:00,606.61,608.01,599.05,601.41,63859100
QQQ,2026-02-24T14:30:00+00:00,602.4,608.99,599.73,607.87,55023700
QQQ,2026-02-25T14:30:00+00:00,611.07,616.83,611,616.68,55710700
QQQ,2026-02-26T14:30:00+00:00,615.59,615.59,603.98,609.24,96178900
QQQ,2026-02-27T14:30:00+00:00,602.98,608.32,602.19,607.29,68125200
QQQ,2026-03-02T14:30:00+00:00,598.86,609.92,597.99,608.09,75264600
QQQ,2026-03-03T14:30:00+00:00,596.33,603.96,591.87,601.58,97015500
QQQ,2026-03-04T14:30:00+00:00,604.16,612.88,603.43,610.75,70943900
QQQ,2026-03-05T14:30:00+00:00,607.4,612.76,602.26,608.91,89602400
QQQ,2026-03-06T14:30:00+00:00,600.31,606,598.33,599.75,86302300
QQQ,2026-03-09T13:30:00+00:00,594.23,609.27,591.33,607.76,93068200
QQQ,2026-03-10T13:30:00+00:00,607.78,613.29,605.42,607.77,64078900
QQQ,2026-03-11T13:30:00+00:00,608.95,612.43,605.03,607.69,60114800
QQQ,2026-03-12T13:30:00+00:00,602.76,604.14,597.05,597.26,71836600
QQQ,2026-03-13T13:30:00+00:00,599.73,603.6,592.57,593.72,63145500
QQQ,2026-03-16T13:30:00+00:00,600.04,603.86,599.11,600.38,49077200
QQQ,2026-03-17T13:30:00+00:00,603.14,605.9,601.87,603.31,47106600
QQQ,2026-03-18T13:30:00+00:00,601.49,603.16,594.56,594.9,56128000
QQQ,2026-03-19T13:30:00+00:00,589.51,595.8,587.08,593.02,75597600
QQQ,2026-03-20T13:30:00+00:00,591.06,591.17,578.54,582.06,91964700
QQQ,2026-03-23T13:30:00+00:00,590.52,595.08,585.96,588,89936100
QQQ,2026-03-24T13:30:00+00:00,584.81,587.93,581.93,583.98,57750900
QQQ,2026-03-25T13:30:00+00:00,589.14,591.37,585.69,587.82,60475500
QQQ,2026-03-26T13:30:00+00:00,582.6,584.63,573.43,573.79,81492100
QQQ,2026-03-27T13:30:00+00:00,570.81,571.02,561.57,562.58,82702200
QQQ,2026-03-30T13:30:00+00:00,567.38,568.05,555.6,558.28,70602600
QQQ,2026-03-31T13:30:00+00:00,564.29,578.64,564.21,577.18,95878000
QQQ,2026-04-01T13:30:00+00:00,581.48,587.74,580.42,584.31,79435100
QQQ,2026-04-02T13:30:00+00:00,573.97,586.05,571.92,584.98,50941700
QQQ,2026-04-06T13:30:00+00:00,586.23,590.61,584.69,588.5,35108500
QQQ,2026-04-07T13:30:00+00:00,585.64,588.98,578.4,588.59,49948200
QQQ,2026-04-08T13:30:00+00:00,608.71,609.9,602.12,606.09,63086000
QQQ,2026-04-09T13:30:00+00:00,605.93,610.5,603.03,610.19,37837500
QQQ,2026-04-10T13:30:00+00:00,611.84,613.67,609.58,611.07,34038500
QQQ,2026-04-13T13:30:00+00:00,609.48,626.74,608.11,617.39,32972100
QQQ,2026-04-14T13:30:00+00:00,620.22,628.6,620.1,628.6,49921100
QQQ,2026-04-15T13:30:00+00:00,629.08,637.83,628.2,637.4,50102400
QQQ,2026-04-16T13:30:00+00:00,639.21,642.18,635.26,640.47,42320600
QQQ,2026-04-17T13:30:00+00:00,645.59,650,644.07,648.85,53488900
QQQ,2026-04-20T13:30:00+00:00,648.04,648.76,642.52,646.79,37138500
QQQ,2026-04-21T13:30:00+00:00,648.41,650.2,642.21,644.33,39580500
QQQ,2026-04-22T13:30:00+00:00,650.15,655.33,648.52,655.11,37368400
QQQ,2026-04-23T13:30:00+00:00,653.55,656.92,645.52,651.42,40099800
QQQ,2026-04-24T13:30:00+00:00,658.51,664.51,656.53,663.88,45563100
QQQ,2026-04-27T13:30:00+00:00,663.4,664.43,660.69,664.23,32717000
QQQ,2026-04-28T13:30:00+00:00,657.41,659.64,653.81,657.55,34147900
QQQ,2026-04-29T13:30:00+00:00,658.63,661.72,656.59,661.57,31724900
QQQ,2026-04-30T13:30:00+00:00,665.35,668.9,657.56,667.74,40622200
QQQ,2026-05-01T13:30:00+00:00,669.16,675.97,668.8,674.15,39172600
QQQ,2026-05-04T13:30:00+00:00,674.66,676.73,668.9,672.88,34542000
QQQ,2026-05-05T13:30:00+00:00,677.96,682.77,677.51,681.61,37101100
QQQ,2026-05-06T13:30:00+00:00,687.78,695.93,686.48,695.77,38778500
QQQ,2026-05-07T13:30:00+00:00,696.58,701.24,691.77,694.94,43779100
QQQ,2026-05-08T13:30:00+00:00,699.92,711.23,699.5,711.23,44320400
QQQ,2026-05-11T13:30:00+00:00,710.36,714.59,708.91,713.29,36019100
QQQ,2026-05-12T13:30:00+00:00,708.22,710.18,696.64,707.24,45873000
QQQ,2026-05-13T13:30:00+00:00,709.96,716.65,704.83,714.71,40012500
QQQ,2026-05-14T13:30:00+00:00,714.62,722.03,714.22,719.79,33327500
QQQ,2026-05-15T13:30:00+00:00,710.14,715.13,705.55,708.93,51792700
QQQ,2026-05-18T13:30:00+00:00,711.54,712.07,698.85,705.88,49834500
QQQ,2026-05-19T13:30:00+00:00,699.81,706.49,695.25,701.53,46827500
QQQ,2026-05-20T13:30:00+00:00,705.29,713.15,703.79,713.15,36779200
QQQ,2026-05-21T13:30:00+00:00,708.99,717.12,706.77,714.51,36415400
QQQ,2026-05-22T13:30:00+00:00,718.07,722.12,715.95,717.54,33118600
QQQ,2026-05-26T13:30:00+00:00,725.96,731.17,724.16,730.28,34254700
QQQ,2026-05-27T13:30:00+00:00,732.96,733.32,725.44,729.45,35148700
QQQ,2026-05-28T13:30:00+00:00,729.73,736.6,726.41,735.6,32840000
QQQ,2026-05-29T13:30:00+00:00,737.84,741.63,735.25,738.31,37541700
QQQ,2026-06-01T13:30:00+00:00,737.04,745.65,735.99,742.74,33890600
QQQ,2026-06-02T13:30:00+00:00,742.4,746.44,739.23,746.16,30085200
QQQ,2026-06-03T13:30:00+00:00,747.31,748.65,741.01,744.21,40270200
QQQ,2026-06-04T13:30:00+00:00,735.48,743.5,732.62,740.61,40782600
QQQ,2026-06-05T13:30:00+00:00,730.06,731.69,704.32,705.06,99606600
QQQ,2026-06-08T13:30:00+00:00,717.81,723.03,713.07,716.07,47401500
QQQ,2026-06-09T13:30:00+00:00,722.98,725.66,686.37,707.83,91932200
QQQ,2026-06-10T13:30:00+00:00,701.66,711.28,692.93,693.69,65334300
QQQ,2026-06-11T13:30:00+00:00,699.29,718.37,695,717.12,71798900
QQQ,2026-06-12T13:30:00+00:00,717.61,724.01,711.28,721.34,51168400
QQQ,2026-06-15T13:30:00+00:00,738.1,744.76,737.38,744,46710200
QQQ,2026-06-16T13:30:00+00:00,742.25,744.22,729.64,729.86,45348700
QQQ,2026-06-17T13:30:00+00:00,735.19,735.68,720.85,722.51,51669300
QQQ,2026-06-18T13:30:00+00:00,737.2,741.82,732.51,740.62,50154600
QQQ,2026-06-22T13:30:00+00:00,742.02,745.45,734.39,737.95,43518600
QQQ,2026-06-23T13:30:00+00:00,715.74,723.61,712.11,713.65,53354200
QQQ,2026-06-24T13:30:00+00:00,715.37,719.93,704.45,710.62,52480400
QQQ,2026-06-25T13:30:00+00:00,725.9,726.83,705.3,716.38,49668000
QQQ,2026-06-26T13:30:00+00:00,707.13,715.56,702.81,706.52,47081800
QQQ,2026-06-29T13:30:00+00:00,713.99,724.58,705.17,724.08,44939100
QQQ,2026-06-30T13:30:00+00:00,724.18,737.62,723.91,736.4,42121800
QQQ,2026-07-01T13:30:00+00:00,729.16,731.91,724.6,725.17,38884823
SPY,2026-01-02T14:30:00+00:00,685.71,686.87,679.82,683.17,89377200
SPY,2026-01-05T14:30:00+00:00,686.54,689.43,686.38,687.72,71927200
SPY,2026-01-06T14:30:00+00:00,687.93,692.32,687.78,691.81,69273800
SPY,2026-01-07T14:30:00+00:00,692.19,693.96,689.32,689.58,75588300
SPY,2026-01-08T14:30:00+00:00,688.82,690.62,687.49,689.51,64019200
SPY,2026-01-09T14:30:00+00:00,690.63,695.31,689.18,694.07,80125500
SPY,2026-01-12T14:30:00+00:00,690.68,696.09,690.63,695.16,63976000
SPY,2026-01-13T14:30:00+00:00,695.49,696.09,691.35,693.77,78309700
SPY,2026-01-14T14:30:00+00:00,691,691.72,686.04,690.36,94676700
SPY,2026-01-15T14:30:00+00:00,694.57,695.45,691.25,692.24,77862000
SPY,2026-01-16T14:30:00+00:00,693.66,694.25,690.1,691.66,79289200
SPY,2026-01-20T14:30:00+00:00,681.49,684.77,676.57,677.58,111623300
SPY,2026-01-21T14:30:00+00:00,679.65,688.74,678.13,685.4,127844500
SPY,2026-01-22T14:30:00+00:00,689.85,691.13,686.92,688.98,77112200
SPY,2026-01-23T14:30:00+00:00,688.15,690.96,687.16,689.23,63059600
SPY,2026-01-26T14:30:00+00:00,690.49,694.13,689.92,692.73,60473800
SPY,2026-01-27T14:30:00+00:00,694.18,696.53,693.57,695.49,55506100
SPY,2026-01-28T14:30:00+00:00,697.05,697.84,693.94,695.42,61172200
SPY,2026-01-29T14:30:00+00:00,696.39,697.06,684.83,694.04,97486200
SPY,2026-01-30T14:30:00+00:00,691.79,694.21,687.12,691.97,101835100
SPY,2026-02-02T14:30:00+00:00,689.58,696.93,689.42,695.41,79286500
SPY,2026-02-03T14:30:00+00:00,696.21,696.96,684.03,689.53,107904600
SPY,2026-02-04T14:30:00+00:00,690.35,691.45,681.76,686.19,105204600
SPY,2026-02-05T14:30:00+00:00,680.94,683.69,675.79,677.62,113610800
SPY,2026-02-06T14:30:00+00:00,681.46,692.31,680.85,690.62,89127600
SPY,2026-02-09T14:30:00+00:00,689.42,695.87,688.34,693.95,73885200
SPY,2026-02-10T14:30:00+00:00,694.95,696.54,691.66,692.12,65185700
SPY,2026-02-11T14:30:00+00:00,696.39,697.14,689.18,691.96,76353900
SPY,2026-02-12T14:30:00+00:00,694.24,695.35,680.37,681.27,118829000
SPY,2026-02-13T14:30:00+00:00,681.69,686.28,677.52,681.75,96267500
SPY,2026-02-17T14:30:00+00:00,680.14,684.94,675.78,682.85,81354700
SPY,2026-02-18T14:30:00+00:00,684.02,689.15,682.83,686.29,73570300
SPY,2026-02-19T14:30:00+00:00,683.84,686.18,681.55,684.48,58649400
SPY,2026-02-20T14:30:00+00:00,682.32,690.06,681.73,689.43,100034000
SPY,2026-02-23T14:30:00+00:00,687.83,690,680.37,682.39,90558100
SPY,2026-02-24T14:30:00+00:00,681.9,688.35,680,687.35,73798700
SPY,2026-02-25T14:30:00+00:00,690.18,693.68,690.1,693.15,56369500
SPY,2026-02-26T14:30:00+00:00,693.28,693.3,684.35,689.3,71671000
SPY,2026-02-27T14:30:00+00:00,683.09,686.86,681.64,685.99,83308900
SPY,2026-03-02T14:30:00+00:00,678.7,688.62,678.02,686.38,87477200
SPY,2026-03-03T14:30:00+00:00,675.06,682.61,669.66,680.33,105003100
SPY,2026-03-04T14:30:00+00:00,681.63,687.09,679.62,685.13,79182200
SPY,2026-03-05T14:30:00+00:00,682.08,685.53,675.61,681.31,106606500
SPY,2026-03-06T14:30:00+00:00,673.41,676.11,669.76,672.38,100687000
SPY,2026-03-09T13:30:00+00:00,666.39,679.92,662.39,678.27,102667700
SPY,2026-03-10T13:30:00+00:00,677.72,683.36,674.76,677.18,81505300
SPY,2026-03-11T13:30:00+00:00,677.58,680.08,673.34,676.33,68441700
SPY,2026-03-12T13:30:00+00:00,671.16,671.65,665.87,666.06,108882200
SPY,2026-03-13T13:30:00+00:00,669.27,672.34,661.36,662.29,97200200
SPY,2026-03-16T13:30:00+00:00,668.38,672.07,667.12,669.03,82023100
SPY,2026-03-17T13:30:00+00:00,672.39,674.44,669.7,670.79,87128000
SPY,2026-03-18T13:30:00+00:00,668.36,669.72,661.19,661.43,82062600
SPY,2026-03-19T13:30:00+00:00,656.97,662.98,655.17,659.8,111272500
SPY,2026-03-20T13:30:00+00:00,656.51,656.69,644.72,648.57,163617500
SPY,2026-03-23T13:30:00+00:00,658.07,662.62,653.94,655.38,134802700
SPY,2026-03-24T13:30:00+00:00,651.32,657.03,649.88,653.18,96457500
SPY,2026-03-25T13:30:00+00:00,658.67,660.89,654.24,656.82,90653800
SPY,2026-03-26T13:30:00+00:00,652.06,654.85,644.82,645.09,96494400
SPY,2026-03-27T13:30:00+00:00,642.5,642.66,633.11,634.09,103649400
SPY,2026-03-30T13:30:00+00:00,640.11,640.37,629.28,631.97,99275900
SPY,2026-03-31T13:30:00+00:00,638.94,651.54,637.98,650.34,152534100
SPY,2026-04-01T13:30:00+00:00,653.9,658.52,653,655.24,97841500
SPY,2026-04-02T13:30:00+00:00,646.42,658.2,645.11,655.83,68358700
SPY,2026-04-06T13:30:00+00:00,655.86,659.72,655.52,658.93,39105800
SPY,2026-04-07T13:30:00+00:00,656.65,659.61,651.06,659.22,69980400
SPY,2026-04-08T13:30:00+00:00,676.39,677.08,671.46,676.01,93606100
SPY,2026-04-09T13:30:00+00:00,674.84,681.16,673.77,679.91,57134400
SPY,2026-04-10T13:30:00+00:00,681.32,682.03,678.45,679.46,42253500
SPY,2026-04-13T13:30:00+00:00,677.41,686.3,676.58,686.1,54185800
SPY,2026-04-14T13:30:00+00:00,687.69,694.58,687.66,694.46,63480500
SPY,2026-04-15T13:30:00+00:00,695.26,700.28,694.2,699.94,58240400
SPY,2026-04-16T13:30:00+00:00,701.06,702.78,698.53,701.66,49972400
SPY,2026-04-17T13:30:00+00:00,706.14,712.39,705.76,710.14,70661900
SPY,2026-04-20T13:30:00+00:00,708.78,709.91,706.14,708.72,43546800
SPY,2026-04-21T13:30:00+00:00,710.28,711.28,702.64,704.08,58941400
SPY,2026-04-22T13:30:00+00:00,709.15,711.45,708.22,711.21,42518500
SPY,2026-04-23T13:30:00+00:00,709.5,712.36,702.28,708.45,56174000
SPY,2026-04-24T13:30:00+00:00,710.75,714.47,709.01,713.94,45182000
SPY,2026-04-27T13:30:00+00:00,713.17,715.63,712.3,715.17,33135900
SPY,2026-04-28T13:30:00+00:00,711.82,712.88,709.25,711.69,43117400
SPY,2026-04-29T13:30:00+00:00,711,712.2,708.37,711.58,41859200
SPY,2026-04-30T13:30:00+00:00,714.63,719.79,710.45,718.66,67240900
SPY,2026-05-01T13:30:00+00:00,721.25,724.87,720.47,720.65,43049800
SPY,2026-05-04T13:30:00+00:00,720.07,722.12,714.99,718.01,51950600
SPY,2026-05-05T13:30:00+00:00,721.77,725.04,721.49,723.77,36933200
SPY,2026-05-06T13:30:00+00:00,728.16,734.59,727.82,733.83,53288900
SPY,2026-05-07T13:30:00+00:00,735.05,736.13,729.75,731.58,51724600
SPY,2026-05-08T13:30:00+00:00,734.93,738.08,734.57,737.62,47227100
SPY,2026-05-11T13:30:00+00:00,736.45,740.79,736.45,739.3,44024000
SPY,2026-05-12T13:30:00+00:00,736.89,738.84,731.83,738.18,54185300
SPY,2026-05-13T13:30:00+00:00,738.47,743.91,735.47,742.31,44200200
SPY,2026-05-14T13:30:00+00:00,743.65,749.53,743.56,748.17,45307600
SPY,2026-05-15T13:30:00+00:00,741.79,743.46,737.96,739.17,60410800
SPY,2026-05-18T13:30:00+00:00,739.83,741.42,733.39,738.65,47843900
SPY,2026-05-19T13:30:00+00:00,734.78,737.65,731.53,733.73,54255900
SPY,2026-05-20T13:30:00+00:00,735.71,741.87,733.89,741.25,45768000
SPY,2026-05-21T13:30:00+00:00,738.64,744.87,737.03,742.72,43332200
SPY,2026-05-22T13:30:00+00:00,746.24,748.94,744.48,745.64,41762000
SPY,2026-05-26T13:30:00+00:00,750.01,752.13,748.37,750.59,41123600
SPY,2026-05-27T13:30:00+00:00,750.88,751.38,748.22,750.46,42106300
SPY,2026-05-28T13:30:00+00:00,750.25,755.15,749.23,754.6,41562600
SPY,2026-05-29T13:30:00+00:00,755.9,758.08,754.69,756.48,55075700
SPY,2026-06-01T13:30:00+00:00,755.36,760.28,754.69,758.54,43634900
SPY,2026-06-02T13:30:00+00:00,757.03,760.4,756.75,759.57,31581900
SPY,2026-06-03T13:30:00+00:00,758.15,758.8,753.57,754.24,51402500
SPY,2026-06-04T13:30:00+00:00,752.1,758.31,751.47,757.09,49923000
SPY,2026-06-05T13:30:00+00:00,752.31,752.82,735.53,737.55,93989400
SPY,2026-06-08T13:30:00+00:00,743.36,745.34,738.19,739.22,49319100
SPY,2026-06-09T13:30:00+00:00,743.63,746.9,722.59,737.05,87683500
SPY,2026-06-10T13:30:00+00:00,733.39,738.38,725.33,725.43,60341300
SPY,2026-06-11T13:30:00+00:00,728.76,740,724.41,737.76,86330500
SPY,2026-06-12T13:30:00+00:00,740.71,744.44,735.03,741.75,57079500
SPY,2026-06-15T13:30:00+00:00,751.85,756.68,751.76,754.83,60176400
SPY,2026-06-16T13:30:00+00:00,754.55,755.44,749.88,750.33,67093100
SPY,2026-06-17T13:30:00+00:00,751.29,752.15,739.22,740.96,85945200
SPY,2026-06-18T13:30:00+00:00,747.76,748.23,743.86,746.74,80875700
SPY,2026-06-22T13:30:00+00:00,747.7,750.18,743.13,744.39,46628100
SPY,2026-06-23T13:30:00+00:00,733.81,739.63,732.3,733.58,66846800
SPY,2026-06-24T13:30:00+00:00,735.17,739.95,730.84,733.24,57439500
SPY,2026-06-25T13:30:00+00:00,738.91,739.37,729.6,734.3,53934400
SPY,2026-06-26T13:30:00+00:00,728.95,736.53,716.58,728.99,71034000
SPY,2026-06-29T13:30:00+00:00,736.53,741.56,732.09,741,58035200
SPY,2026-06-30T13:30:00+00:00,741.29,748.02,740.89,746.77,55626000
SPY,2026-07-01T13:30:00+00:00,745,749.435,742.375,745.76,39119066
