timestamp,equity,cash,open_positions,drawdown_pct
2026-01-05T14:30:00+00:00,100000,100000,0,0
2026-01-06T14:30:00+00:00,100000,100000,0,0
2026-01-07T14:30:00+00:00,100000,100000,0,0
2026-01-08T14:30:00+00:00,100000,100000,0,0
2026-01-09T14:30:00+00:00,100000,100000,0,0
2026-01-12T14:30:00+00:00,100000,100000,0,0
2026-01-13T14:30:00+00:00,100000,100000,0,0
2026-01-14T14:30:00+00:00,100000,100000,0,0
2026-01-15T14:30:00+00:00,100000,100000,0,0
2026-01-16T14:30:00+00:00,100000,100000,0,0
2026-01-20T14:30:00+00:00,100000,100000,0,0
2026-01-21T14:30:00+00:00,100000,100000,0,0
2026-01-22T14:30:00+00:00,100000,100000,0,0
2026-01-23T14:30:00+00:00,100000,100000,0,0
2026-01-26T14:30:00+00:00,100000,100000,0,0
2026-01-27T14:30:00+00:00,100000,100000,0,0
2026-01-28T14:30:00+00:00,100000,100000,0,0
2026-01-29T14:30:00+00:00,100000,100000,0,0
2026-01-30T14:30:00+00:00,100000,100000,0,0
2026-02-02T14:30:00+00:00,100000,100000,0,0
2026-02-03T14:30:00+00:00,100000,100000,0,0
2026-02-04T14:30:00+00:00,100000,100000,0,0
2026-02-05T14:30:00+00:00,99844.852026,81910.702026,1,-0.00155148
2026-02-06T14:30:00+00:00,99988.502026,81910.702026,1,-0.00011498
2026-02-09T14:30:00+00:00,99761.002026,81910.702026,1,-0.00238998
2026-02-10T14:30:00+00:00,99699.902026,81910.702026,1,-0.00300098
2026-02-11T14:30:00+00:00,99818.202026,81910.702026,1,-0.00181798
2026-02-12T14:30:00+00:00,99000.178754,99000.178754,0,-0.00999821
2026-02-13T14:30:00+00:00,99000.178754,99000.178754,0,-0.00999821
2026-02-17T14:30:00+00:00,99000.178754,99000.178754,0,-0.00999821
2026-02-18T14:30:00+00:00,99000.178754,99000.178754,0,-0.00999821
2026-02-19T14:30:00+00:00,99000.178754,99000.178754,0,-0.00999821
2026-02-20T14:30:00+00:00,99000.178754,99000.178754,0,-0.00999821
2026-02-23T14:30:00+00:00,99000.178754,99000.178754,0,-0.00999821
2026-02-24T14:30:00+00:00,99000.178754,99000.178754,0,-0.00999821
2026-02-25T14:30:00+00:00,99000.178754,99000.178754,0,-0.00999821
2026-02-26T14:30:00+00:00,98173.977015,82088.547015,1,-0.01826023
2026-02-27T14:30:00+00:00,97989.561474,97989.561474,0,-0.02010439
2026-03-02T14:30:00+00:00,97989.561474,97989.561474,0,-0.02010439
2026-03-03T14:30:00+00:00,97989.561474,97989.561474,0,-0.02010439
2026-03-04T14:30:00+00:00,97989.561474,97989.561474,0,-0.02010439
2026-03-05T14:30:00+00:00,97989.561474,97989.561474,0,-0.02010439
2026-03-06T14:30:00+00:00,97989.561474,97989.561474,0,-0.02010439
2026-03-09T13:30:00+00:00,97989.561474,97989.561474,0,-0.02010439
2026-03-10T13:30:00+00:00,97989.561474,97989.561474,0,-0.02010439
2026-03-11T13:30:00+00:00,97989.561474,97989.561474,0,-0.02010439
2026-03-12T13:30:00+00:00,97989.561474,97989.561474,0,-0.02010439
2026-03-13T13:30:00+00:00,97989.561474,97989.561474,0,-0.02010439
2026-03-16T13:30:00+00:00,97989.561474,97989.561474,0,-0.02010439
2026-03-17T13:30:00+00:00,97989.561474,97989.561474,0,-0.02010439
2026-03-18T13:30:00+00:00,97989.561474,97989.561474,0,-0.02010439
2026-03-19T13:30:00+00:00,97989.561474,97989.561474,0,-0.02010439
2026-03-20T13:30:00+00:00,97989.561474,97989.561474,0,-0.02010439
2026-03-23T13:30:00+00:00,97989.561474,97989.561474,0,-0.02010439
2026-03-24T13:30:00+00:00,97989.561474,97989.561474,0,-0.02010439
2026-03-25T13:30:00+00:00,97989.561474,97989.561474,0,-0.02010439
2026-03-26T13:30:00+00:00,97989.561474,97989.561474,0,-0.02010439
2026-03-27T13:30:00+00:00,97989.561474,97989.561474,0,-0.02010439
2026-03-30T13:30:00+00:00,97989.561474,97989.561474,0,-0.02010439
2026-03-31T13:30:00+00:00,97989.561474,97989.561474,0,-0.02010439
2026-04-01T13:30:00+00:00,97989.561474,97989.561474,0,-0.02010439
2026-04-02T13:30:00+00:00,97989.561474,97989.561474,0,-0.02010439
2026-04-06T13:30:00+00:00,97989.561474,97989.561474,0,-0.02010439
2026-04-07T13:30:00+00:00,97989.561474,97989.561474,0,-0.02010439
2026-04-08T13:30:00+00:00,97989.561474,97989.561474,0,-0.02010439
2026-04-09T13:30:00+00:00,98486.652519,84467.652519,1,-0.01513347
2026-04-10T13:30:00+00:00,98770.452519,84467.652519,1,-0.01229547
2026-04-13T13:30:00+00:00,99102.469528,64952.589528,2,-0.0089753
2026-04-14T13:30:00+00:00,100193.352724,44997.612724,3,0
2026-04-15T13:30:00+00:00,100803.970746,27101.740746,4,0
2026-04-16T13:30:00+00:00,100718.357981,-6937.112019,6,-0.0008493
2026-04-17T13:30:00+00:00,102178.507981,-6937.112019,6,0
2026-04-20T13:30:00+00:00,102017.387981,-6937.112019,6,-0.00157685
2026-04-21T13:30:00+00:00,101401.467981,-6937.112019,6,-0.00760473
2026-04-22T13:30:00+00:00,103334.457981,-6937.112019,6,0
2026-04-23T13:30:00+00:00,102473.757173,8546.707173,5,-0.00832927
2026-04-24T13:30:00+00:00,103943.217173,8546.707173,5,0
2026-04-27T13:30:00+00:00,104325.660931,-9906.559069,6,0
2026-04-28T13:30:00+00:00,103978.560931,-9906.559069,6,-0.00332708
2026-04-29T13:30:00+00:00,103778.270931,-9906.559069,6,-0.00524694
2026-04-30T13:30:00+00:00,102961.750931,-9906.559069,6,-0.01307358
2026-05-01T13:30:00+00:00,104223.560931,-9906.559069,6,-0.00097867
2026-05-04T13:30:00+00:00,104101.570931,-9906.559069,6,-0.00214799
2026-05-05T13:30:00+00:00,104863.940375,11828.370375,5,0
2026-05-06T13:30:00+00:00,106841.392006,-8129.217994,6,0
2026-05-07T13:30:00+00:00,107045.002006,-8129.217994,6,0
2026-05-08T13:30:00+00:00,108377.992006,-8129.217994,6,0
2026-05-11T13:30:00+00:00,108482.992006,-8129.217994,6,0
2026-05-12T13:30:00+00:00,108165.722006,-8129.217994,6,-0.00292461
2026-05-13T13:30:00+00:00,109477.512006,-8129.217994,6,0
2026-05-14T13:30:00+00:00,109919.447255,34351.977255,4,0
2026-05-15T13:30:00+00:00,109485.079896,-4947.250104,6,-0.00395169
2026-05-18T13:30:00+00:00,108690.561823,33239.321823,4,-0.01117987
2026-05-19T13:30:00+00:00,108053.551823,33239.321823,4,-0.01697512
2026-05-20T13:30:00+00:00,109153.911823,33239.321823,4,-0.00696451
2026-05-21T13:30:00+00:00,109474.578072,55712.528072,3,-0.00404723
2026-05-22T13:30:00+00:00,109558.528397,35802.788397,4,-0.00328349
2026-05-26T13:30:00+00:00,109737.678397,35802.788397,4,-0.00165366
2026-05-27T13:30:00+00:00,110199.733693,16268.193693,5,0
2026-05-28T13:30:00+00:00,111179.244422,37548.834422,4,0
2026-05-29T13:30:00+00:00,111754.910418,17615.200418,5,0
2026-06-01T13:30:00+00:00,111247.250418,17615.200418,5,-0.00454262
2026-06-02T13:30:00+00:00,110959.280418,17615.200418,5,-0.00711942
2026-06-03T13:30:00+00:00,109466.594391,35066.224391,4,-0.0204762
2026-06-04T13:30:00+00:00,109530.684391,35066.224391,4,-0.01990271
2026-06-05T13:30:00+00:00,107562.488209,73418.608209,2,-0.03751443
2026-06-08T13:30:00+00:00,107017.868209,73418.608209,2,-0.04238778
2026-06-09T13:30:00+00:00,106206.727557,92490.787557,1,-0.04964599
2026-06-10T13:30:00+00:00,106001.027557,92490.787557,1,-0.05148662
2026-06-11T13:30:00+00:00,105786.374653,105786.374653,0,-0.05340737
2026-06-12T13:30:00+00:00,105786.374653,105786.374653,0,-0.05340737
2026-06-15T13:30:00+00:00,105786.374653,105786.374653,0,-0.05340737
2026-06-16T13:30:00+00:00,105786.374653,105786.374653,0,-0.05340737
2026-06-17T13:30:00+00:00,105786.374653,105786.374653,0,-0.05340737
2026-06-18T13:30:00+00:00,105786.374653,105786.374653,0,-0.05340737
2026-06-22T13:30:00+00:00,105786.374653,105786.374653,0,-0.05340737
2026-06-23T13:30:00+00:00,105786.374653,105786.374653,0,-0.05340737
2026-06-24T13:30:00+00:00,105786.374653,105786.374653,0,-0.05340737
2026-06-25T13:30:00+00:00,105786.374653,105786.374653,0,-0.05340737
2026-06-26T13:30:00+00:00,105786.374653,105786.374653,0,-0.05340737
2026-06-29T13:30:00+00:00,105786.374653,105786.374653,0,-0.05340737
2026-06-30T13:30:00+00:00,105786.374653,105786.374653,0,-0.05340737
2026-07-01T13:30:00+00:00,105786.374653,105786.374653,0,-0.05340737
2026-07-01T13:30:00+00:00,105786.374653,105786.374653,0,-0.05340737
