trade_id,strategy_id,strategy_version,symbol,direction,entry_time,exit_time,entry_price,exit_price,stop,target,quantity,gross_pnl,net_pnl,return_pct,r_multiple,exit_reason,holding_bars,fees_paid,slippage_paid,evidence
ts_momentum_sma_atr:AMZN:2026-04-09:67,ts_momentum_sma_atr,v1.0,AMZN,long,2026-04-09T13:30:00+00:00,2026-04-10T13:30:00+00:00,225.342615,239.614419,208.927143,239.734286,60,856.308214,853.518472,0.06312746,0.86657927,target,2,2.789742,13.948929,close 221.25 above SMA50 213.72 | 20-bar trailing return 3.23%
ts_momentum_sma_atr:QQQ:2026-04-10:72,ts_momentum_sma_atr,v1.0,QQQ,long,2026-04-10T13:30:00+00:00,2026-04-17T13:30:00+00:00,612.14592,646.370225,585.854286,646.693571,32,1095.177749,1091.150497,0.05570315,1.29693166,target,6,4.027252,20.136537,close 610.19 above SMA50 601.08 | 20-bar trailing return 0.41%
ts_momentum_sma_atr:SPY:2026-04-10:77,ts_momentum_sma_atr,v1.0,SPY,long,2026-04-10T13:30:00+00:00,2026-04-24T13:30:00+00:00,681.66066,713.388841,657.352857,713.745714,29,920.117261,916.071618,0.04634077,1.29952825,target,11,4.045644,20.228453,close 679.91 above SMA50 674.61 | 20-bar trailing return 0.53%
ts_momentum_sma_atr:AMZN:2026-04-13:77,ts_momentum_sma_atr,v1.0,AMZN,long,2026-04-13T13:30:00+00:00,2026-04-24T13:30:00+00:00,237.568725,259.10681,224.475714,259.236429,76,1636.894487,1633.119753,0.09045137,1.64121288,target,10,3.774734,18.874084,close 238.38 above SMA50 213.40 | 20-bar trailing return 13.77%
ts_momentum_sma_atr:NVDA:2026-04-13:77,ts_momentum_sma_atr,v1.0,NVDA,long,2026-04-13T13:30:00+00:00,2026-04-24T13:30:00+00:00,186.123015,204.112893,178.24,204.215,107,1924.916893,1920.741368,0.09644618,2.27715587,target,10,4.175524,20.878107,close 188.63 above SMA50 182.08 | 20-bar trailing return 3.00%
ts_momentum_sma_atr:AAPL:2026-04-16:82,ts_momentum_sma_atr,v1.0,AAPL,long,2026-04-16T13:30:00+00:00,2026-05-01T13:30:00+00:00,266.9334,285.009567,253.948571,285.152143,74,1337.636342,1333.551964,0.06751112,1.38784832,target,12,4.084378,20.422229,close 266.43 above SMA50 260.81 | 20-bar trailing return 4.80%
ts_momentum_sma_atr:NVDA:2026-04-27:82,ts_momentum_sma_atr,v1.0,NVDA,long,2026-04-27T13:30:00+00:00,2026-05-01T13:30:00+00:00,209.754825,197.606861,197.705714,224.116429,82,-996.133013,-999.473379,-0.05810927,-1.01158501,stop,5,3.340366,16.701584,close 208.27 above SMA50 185.03 | 20-bar trailing return 21.62%
ts_momentum_sma_atr:QQQ:2026-04-20:85,ts_momentum_sma_atr,v1.0,QQQ,long,2026-04-20T13:30:00+00:00,2026-05-06T13:30:00+00:00,648.36402,683.391705,625.594286,683.733571,30,1050.830539,1046.835272,0.05381932,1.53249523,target,13,3.995267,19.976604,close 648.85 above SMA50 602.10 | 20-bar trailing return 9.41%
ts_momentum_sma_atr:NVDA:2026-05-04:87,ts_momentum_sma_atr,v1.0,NVDA,long,2026-05-04T13:30:00+00:00,2026-05-08T13:30:00+00:00,199.59975,217.558309,185.638571,217.667143,71,1275.057709,1272.095887,0.08976386,1.28333316,target,5,2.961822,14.809434,close 198.45 above SMA50 187.15 | 20-bar trailing return 11.87%
ts_momentum_sma_atr:SPY:2026-04-27:88,ts_momentum_sma_atr,v1.0,SPY,long,2026-04-27T13:30:00+00:00,2026-05-11T13:30:00+00:00,713.526585,737.731664,697.832857,738.100714,28,677.74221,673.678687,0.03371977,1.53309356,target,11,4.063523,20.31779,close 713.94 above SMA50 676.99 | 20-bar trailing return 10.67%
ts_momentum_sma_atr:AAPL:2026-05-04:90,ts_momentum_sma_atr,v1.0,AAPL,long,2026-05-04T13:30:00+00:00,2026-05-13T13:30:00+00:00,279.79983,300.301917,266.598571,300.452143,71,1455.648162,1451.529439,0.07306679,1.54864602,target,8,4.118722,20.593981,close 280.14 above SMA50 261.22 | 20-bar trailing return 9.46%
ts_momentum_sma_atr:QQQ:2026-05-07:98,ts_momentum_sma_atr,v1.0,QQQ,long,2026-05-07T13:30:00+00:00,2026-05-26T13:30:00+00:00,696.92829,723.316732,677.164286,723.678571,28,738.87638,734.899694,0.03766014,1.32799089,target,13,3.976686,19.88362,close 695.77 above SMA50 617.31 | 20-bar trailing return 14.80%
ts_momentum_sma_atr:MSFT:2026-04-16:101,ts_momentum_sma_atr,v1.0,MSFT,long,2026-04-16T13:30:00+00:00,2026-05-29T13:30:00+00:00,420.06993,440.907293,391.281429,441.127857,34,708.470349,705.543027,0.04939955,0.72081784,target,31,2.927323,14.636794,close 411.22 above SMA50 391.91 | 20-bar trailing return 2.96%
ts_momentum_sma_atr:SPY:2026-05-12:102,ts_momentum_sma_atr,v1.0,SPY,long,2026-05-12T13:30:00+00:00,2026-06-01T13:30:00+00:00,737.258445,759.127389,725.828571,759.507143,27,590.461496,586.421254,0.02945955,1.90022274,target,14,4.040242,20.201361,close 739.30 above SMA50 685.35 | 20-bar trailing return 7.75%
ts_momentum_sma_atr:AMZN:2026-04-27:104,ts_momentum_sma_atr,v1.0,AMZN,long,2026-04-27T13:30:00+00:00,2026-06-03T13:30:00+00:00,263.59173,249.325275,249.45,285.8,70,-998.65185,-1002.242269,-0.05431789,-1.01244662,stop,27,3.590419,17.95185,close 263.99 above SMA50 218.64 | 20-bar trailing return 27.20%
ts_momentum_sma_atr:MSFT:2026-06-01:104,ts_momentum_sma_atr,v1.0,MSFT,long,2026-06-01T13:30:00+00:00,2026-06-03T13:30:00+00:00,465.07242,426.669416,426.882857,485.275714,26,-998.478111,-1000.79664,-0.08276599,-1.00792404,stop,3,2.318529,11.592397,close 450.24 above SMA50 402.83 | 20-bar trailing return 10.41%
ts_momentum_sma_atr:QQQ:2026-05-27:106,ts_momentum_sma_atr,v1.0,QQQ,long,2026-05-27T13:30:00+00:00,2026-06-05T13:30:00+00:00,733.32648,706.505142,706.858571,765.412143,27,-724.176122,-728.063668,-0.03677124,-1.01879304,stop,8,3.887545,19.437551,close 730.28 above SMA50 644.84 | 20-bar trailing return 9.94%
ts_momentum_sma_atr:SPY:2026-06-02:106,ts_momentum_sma_atr,v1.0,SPY,long,2026-06-02T13:30:00+00:00,2026-06-05T13:30:00+00:00,757.408515,744.548968,744.921429,778.967857,26,-334.348226,-338.253315,-0.01717665,-1.04185576,stop,4,3.905089,19.525369,close 758.54 above SMA50 705.62 | 20-bar trailing return 5.26%
ts_momentum_sma_atr:NVDA:2026-05-11:108,ts_momentum_sma_atr,v1.0,NVDA,long,2026-05-11T13:30:00+00:00,2026-06-09T13:30:00+00:00,214.14702,200.375476,200.475714,237.286429,73,-1005.322681,-1008.348695,-0.0645024,-1.01036405,stop,21,3.026014,15.129824,close 215.20 above SMA50 188.65 | 20-bar trailing return 14.09%
ts_momentum_sma_atr:MSFT:2026-06-04:108,ts_momentum_sma_atr,v1.0,MSFT,long,2026-06-04T13:30:00+00:00,2026-06-09T13:30:00+00:00,436.027905,399.781438,399.981429,468.377857,27,-978.654613,-980.911298,-0.08332047,-1.00786683,stop,4,2.256685,11.283184,close 427.34 above SMA50 406.33 | 20-bar trailing return 3.88%
ts_momentum_sma_atr:SPY:2026-06-08:108,ts_momentum_sma_atr,v1.0,SPY,long,2026-06-08T13:30:00+00:00,2026-06-09T13:30:00+00:00,743.73168,722.896942,723.258571,758.987143,26,-541.703184,-545.516419,-0.02821098,-1.02482731,stop,2,3.813234,19.066041,close 737.55 above SMA50 713.51 | 20-bar trailing return 0.82%
ts_momentum_sma_atr:QQQ:2026-06-08:112,ts_momentum_sma_atr,v1.0,QQQ,long,2026-06-08T13:30:00+00:00,2026-06-15T13:30:00+00:00,718.168905,739.941987,681.558571,740.312143,27,587.873208,583.936309,0.03011446,0.59074225,target,6,3.936899,19.684649,close 705.06 above SMA50 667.81 | 20-bar trailing return 1.46%
ts_momentum_sma_atr:SPY:2026-06-16:117,ts_momentum_sma_atr,v1.0,SPY,long,2026-06-16T13:30:00+00:00,2026-06-23T13:30:00+00:00,754.927275,734.279819,734.647143,785.104286,26,-536.833849,-540.705787,-0.02754752,-1.02545567,stop,5,3.871938,19.359563,close 754.83 above SMA50 724.78 | 20-bar trailing return 2.12%
ts_momentum_sma_atr:QQQ:2026-06-16:118,ts_momentum_sma_atr,v1.0,QQQ,long,2026-06-16T13:30:00+00:00,2026-06-24T13:30:00+00:00,742.621125,710.318949,710.674286,793.988571,26,-839.856587,-843.634231,-0.04369317,-1.01567076,stop,6,3.777644,18.888016,close 744.00 above SMA50 684.99 | 20-bar trailing return 4.95%
ts_momentum_sma_atr:AAPL:2026-05-14:119,ts_momentum_sma_atr,v1.0,AAPL,long,2026-05-14T13:30:00+00:00,2026-06-25T13:30:00+00:00,299.96991,285.674234,285.817143,318.449286,66,-943.514597,-947.379848,-0.04785227,-1.01423559,stop,29,3.865251,19.326026,close 298.87 above SMA50 264.68 | 20-bar trailing return 12.18%
