strategy_id,timestamp,equity,drawdown_pct
benchmark_buy_hold_equal_weight,2026-01-05T14:30:00+00:00,100000,0
benchmark_buy_hold_equal_weight,2026-01-06T14:30:00+00:00,100000,0
benchmark_buy_hold_equal_weight,2026-01-07T14:30:00+00:00,100000,0
benchmark_buy_hold_equal_weight,2026-01-08T14:30:00+00:00,100000,0
benchmark_buy_hold_equal_weight,2026-01-09T14:30:00+00:00,100000,0
benchmark_buy_hold_equal_weight,2026-01-12T14:30:00+00:00,100000,0
benchmark_buy_hold_equal_weight,2026-01-13T14:30:00+00:00,100000,0
benchmark_buy_hold_equal_weight,2026-01-14T14:30:00+00:00,100000,0
benchmark_buy_hold_equal_weight,2026-01-15T14:30:00+00:00,100000,0
benchmark_buy_hold_equal_weight,2026-01-16T14:30:00+00:00,100000,0
benchmark_buy_hold_equal_weight,2026-01-20T14:30:00+00:00,100000,0
benchmark_buy_hold_equal_weight,2026-01-21T14:30:00+00:00,100000,0
benchmark_buy_hold_equal_weight,2026-01-22T14:30:00+00:00,100000,0
benchmark_buy_hold_equal_weight,2026-01-23T14:30:00+00:00,100000,0
benchmark_buy_hold_equal_weight,2026-01-26T14:30:00+00:00,100000,0
benchmark_buy_hold_equal_weight,2026-01-27T14:30:00+00:00,100000,0
benchmark_buy_hold_equal_weight,2026-01-28T14:30:00+00:00,100000,0
benchmark_buy_hold_equal_weight,2026-01-29T14:30:00+00:00,100000,0
benchmark_buy_hold_equal_weight,2026-01-30T14:30:00+00:00,100000,0
benchmark_buy_hold_equal_weight,2026-02-02T14:30:00+00:00,100000,0
benchmark_buy_hold_equal_weight,2026-02-03T14:30:00+00:00,100000,0
benchmark_buy_hold_equal_weight,2026-02-04T14:30:00+00:00,100000,0
benchmark_buy_hold_equal_weight,2026-02-05T14:30:00+00:00,100000,0
benchmark_buy_hold_equal_weight,2026-02-06T14:30:00+00:00,100000,0
benchmark_buy_hold_equal_weight,2026-02-09T14:30:00+00:00,100000,0
benchmark_buy_hold_equal_weight,2026-02-10T14:30:00+00:00,100000,0
benchmark_buy_hold_equal_weight,2026-02-11T14:30:00+00:00,100000,0
benchmark_buy_hold_equal_weight,2026-02-12T14:30:00+00:00,100000,0
benchmark_buy_hold_equal_weight,2026-02-13T14:30:00+00:00,100000,0
benchmark_buy_hold_equal_weight,2026-02-17T14:30:00+00:00,100000,0
benchmark_buy_hold_equal_weight,2026-02-18T14:30:00+00:00,100000,0
benchmark_buy_hold_equal_weight,2026-02-19T14:30:00+00:00,100000,0
benchmark_buy_hold_equal_weight,2026-02-20T14:30:00+00:00,100000,0
benchmark_buy_hold_equal_weight,2026-02-23T14:30:00+00:00,100000,0
benchmark_buy_hold_equal_weight,2026-02-24T14:30:00+00:00,100000,0
benchmark_buy_hold_equal_weight,2026-02-25T14:30:00+00:00,100000,0
benchmark_buy_hold_equal_weight,2026-02-26T14:30:00+00:00,100000,0
benchmark_buy_hold_equal_weight,2026-02-27T14:30:00+00:00,100000,0
benchmark_buy_hold_equal_weight,2026-03-02T14:30:00+00:00,100000,0
benchmark_buy_hold_equal_weight,2026-03-03T14:30:00+00:00,100000,0
benchmark_buy_hold_equal_weight,2026-03-04T14:30:00+00:00,100000,0
benchmark_buy_hold_equal_weight,2026-03-05T14:30:00+00:00,100000,0
benchmark_buy_hold_equal_weight,2026-03-06T14:30:00+00:00,100000,0
benchmark_buy_hold_equal_weight,2026-03-09T13:30:00+00:00,100000,0
benchmark_buy_hold_equal_weight,2026-03-10T13:30:00+00:00,100000,0
benchmark_buy_hold_equal_weight,2026-03-11T13:30:00+00:00,100000,0
benchmark_buy_hold_equal_weight,2026-03-12T13:30:00+00:00,100000,0
benchmark_buy_hold_equal_weight,2026-03-13T13:30:00+00:00,100000,0
benchmark_buy_hold_equal_weight,2026-03-16T13:30:00+00:00,100000,0
benchmark_buy_hold_equal_weight,2026-03-17T13:30:00+00:00,100000,0
benchmark_buy_hold_equal_weight,2026-03-18T13:30:00+00:00,100000,0
benchmark_buy_hold_equal_weight,2026-03-19T13:30:00+00:00,100000,0
benchmark_buy_hold_equal_weight,2026-03-20T13:30:00+00:00,100000,0
benchmark_buy_hold_equal_weight,2026-03-23T13:30:00+00:00,100000,0
benchmark_buy_hold_equal_weight,2026-03-24T13:30:00+00:00,100000,0
benchmark_buy_hold_equal_weight,2026-03-25T13:30:00+00:00,100000,0
benchmark_buy_hold_equal_weight,2026-03-26T13:30:00+00:00,100000,0
benchmark_buy_hold_equal_weight,2026-03-27T13:30:00+00:00,100000,0
benchmark_buy_hold_equal_weight,2026-03-30T13:30:00+00:00,100000,0
benchmark_buy_hold_equal_weight,2026-03-31T13:30:00+00:00,100000,0
benchmark_buy_hold_equal_weight,2026-04-01T13:30:00+00:00,99993.393284,-0.00006607
benchmark_buy_hold_equal_weight,2026-04-02T13:30:00+00:00,100044.453284,0
benchmark_buy_hold_equal_weight,2026-04-06T13:30:00+00:00,100142.223284,0
benchmark_buy_hold_equal_weight,2026-04-07T13:30:00+00:00,100100.293284,-0.0004187
benchmark_buy_hold_equal_weight,2026-04-08T13:30:00+00:00,100468.073284,0
benchmark_buy_hold_equal_weight,2026-04-09T13:30:00+00:00,100697.393284,0
benchmark_buy_hold_equal_weight,2026-04-10T13:30:00+00:00,100815.893284,0
benchmark_buy_hold_equal_weight,2026-04-13T13:30:00+00:00,100977.983284,0
benchmark_buy_hold_equal_weight,2026-04-14T13:30:00+00:00,101340.063284,0
benchmark_buy_hold_equal_weight,2026-04-15T13:30:00+00:00,101636.193284,0
benchmark_buy_hold_equal_weight,2026-04-16T13:30:00+00:00,101693.103284,0
benchmark_buy_hold_equal_weight,2026-04-17T13:30:00+00:00,101914.513284,0
benchmark_buy_hold_equal_weight,2026-04-20T13:30:00+00:00,101874.633284,-0.00039131
benchmark_buy_hold_equal_weight,2026-04-21T13:30:00+00:00,101801.673284,-0.0011072
benchmark_buy_hold_equal_weight,2026-04-22T13:30:00+00:00,102121.783284,0
benchmark_buy_hold_equal_weight,2026-04-23T13:30:00+00:00,101932.113284,-0.00185729
benchmark_buy_hold_equal_weight,2026-04-24T13:30:00+00:00,102285.213284,0
benchmark_buy_hold_equal_weight,2026-04-27T13:30:00+00:00,102342.773284,0
benchmark_buy_hold_equal_weight,2026-04-28T13:30:00+00:00,102297.183284,-0.00044546
benchmark_buy_hold_equal_weight,2026-04-29T13:30:00+00:00,102257.973284,-0.00082859
benchmark_buy_hold_equal_weight,2026-04-30T13:30:00+00:00,102088.253284,-0.00248694
benchmark_buy_hold_equal_weight,2026-05-01T13:30:00+00:00,102289.963284,-0.00051601
benchmark_buy_hold_equal_weight,2026-05-04T13:30:00+00:00,102281.893284,-0.00059486
benchmark_buy_hold_equal_weight,2026-05-05T13:30:00+00:00,102394.823284,0
benchmark_buy_hold_equal_weight,2026-05-06T13:30:00+00:00,102735.063284,0
benchmark_buy_hold_equal_weight,2026-05-07T13:30:00+00:00,102775.033284,0
benchmark_buy_hold_equal_weight,2026-05-08T13:30:00+00:00,102964.613284,0
benchmark_buy_hold_equal_weight,2026-05-11T13:30:00+00:00,102970.943284,0
benchmark_buy_hold_equal_weight,2026-05-12T13:30:00+00:00,102910.243284,-0.00058949
benchmark_buy_hold_equal_weight,2026-05-13T13:30:00+00:00,103115.273284,0
benchmark_buy_hold_equal_weight,2026-05-14T13:30:00+00:00,103292.133284,0
benchmark_buy_hold_equal_weight,2026-05-15T13:30:00+00:00,103126.003284,-0.00160835
benchmark_buy_hold_equal_weight,2026-05-18T13:30:00+00:00,103061.133284,-0.00223638
benchmark_buy_hold_equal_weight,2026-05-19T13:30:00+00:00,102896.233284,-0.00383282
benchmark_buy_hold_equal_weight,2026-05-20T13:30:00+00:00,103150.963284,-0.00136671
benchmark_buy_hold_equal_weight,2026-05-21T13:30:00+00:00,103164.083284,-0.00123969
benchmark_buy_hold_equal_weight,2026-05-22T13:30:00+00:00,103135.853284,-0.00151299
benchmark_buy_hold_equal_weight,2026-05-26T13:30:00+00:00,103163.003284,-0.00125014
benchmark_buy_hold_equal_weight,2026-05-27T13:30:00+00:00,103214.743284,-0.00074923
benchmark_buy_hold_equal_weight,2026-05-28T13:30:00+00:00,103427.103284,0
benchmark_buy_hold_equal_weight,2026-05-29T13:30:00+00:00,103512.933284,0
benchmark_buy_hold_equal_weight,2026-06-01T13:30:00+00:00,103623.963284,0
benchmark_buy_hold_equal_weight,2026-06-02T13:30:00+00:00,103520.363284,-0.00099977
benchmark_buy_hold_equal_weight,2026-06-03T13:30:00+00:00,103133.563284,-0.0047325
benchmark_buy_hold_equal_weight,2026-06-04T13:30:00+00:00,103253.863284,-0.00357157
benchmark_buy_hold_equal_weight,2026-06-05T13:30:00+00:00,102606.773284,-0.00981617
benchmark_buy_hold_equal_weight,2026-06-08T13:30:00+00:00,102601.753284,-0.00986461
benchmark_buy_hold_equal_weight,2026-06-09T13:30:00+00:00,102360.773284,-0.01219013
benchmark_buy_hold_equal_weight,2026-06-10T13:30:00+00:00,102029.693284,-0.01538515
benchmark_buy_hold_equal_weight,2026-06-11T13:30:00+00:00,102280.523284,-0.01296457
benchmark_buy_hold_equal_weight,2026-06-12T13:30:00+00:00,102232.983284,-0.01342334
benchmark_buy_hold_equal_weight,2026-06-15T13:30:00+00:00,102703.283284,-0.00888482
benchmark_buy_hold_equal_weight,2026-06-16T13:30:00+00:00,102542.373284,-0.01043764
benchmark_buy_hold_equal_weight,2026-06-17T13:30:00+00:00,102182.963284,-0.01390605
benchmark_buy_hold_equal_weight,2026-06-18T13:30:00+00:00,102484.783284,-0.0109934
benchmark_buy_hold_equal_weight,2026-06-22T13:30:00+00:00,102187.883284,-0.01385857
benchmark_buy_hold_equal_weight,2026-06-23T13:30:00+00:00,101951.843284,-0.01613642
benchmark_buy_hold_equal_weight,2026-06-24T13:30:00+00:00,101852.063284,-0.01709933
benchmark_buy_hold_equal_weight,2026-06-25T13:30:00+00:00,101450.423284,-0.02097526
benchmark_buy_hold_equal_weight,2026-06-26T13:30:00+00:00,101651.343284,-0.01903633
benchmark_buy_hold_equal_weight,2026-06-29T13:30:00+00:00,101849.833284,-0.01712085
benchmark_buy_hold_equal_weight,2026-06-30T13:30:00+00:00,102090.563284,-0.01479774
benchmark_buy_hold_equal_weight,2026-07-01T13:30:00+00:00,102181.673284,-0.0139185
benchmark_buy_hold_equal_weight,2026-07-01T13:30:00+00:00,102170.923584,-0.01402224
bullish_fvg_continuation,2026-01-05T14:30:00+00:00,100000,0
bullish_fvg_continuation,2026-01-06T14:30:00+00:00,100000,0
bullish_fvg_continuation,2026-01-07T14:30:00+00:00,100000,0
bullish_fvg_continuation,2026-01-08T14:30:00+00:00,100000,0
bullish_fvg_continuation,2026-01-09T14:30:00+00:00,100000,0
bullish_fvg_continuation,2026-01-12T14:30:00+00:00,100000,0
bullish_fvg_continuation,2026-01-13T14:30:00+00:00,100000,0
bullish_fvg_continuation,2026-01-14T14:30:00+00:00,100000,0
bullish_fvg_continuation,2026-01-15T14:30:00+00:00,100000,0
bullish_fvg_continuation,2026-01-16T14:30:00+00:00,100000,0
bullish_fvg_continuation,2026-01-20T14:30:00+00:00,100000,0
bullish_fvg_continuation,2026-01-21T14:30:00+00:00,100000,0
bullish_fvg_continuation,2026-01-22T14:30:00+00:00,100000,0
bullish_fvg_continuation,2026-01-23T14:30:00+00:00,100000,0
bullish_fvg_continuation,2026-01-26T14:30:00+00:00,100000,0
bullish_fvg_continuation,2026-01-27T14:30:00+00:00,100000,0
bullish_fvg_continuation,2026-01-28T14:30:00+00:00,100000,0
bullish_fvg_continuation,2026-01-29T14:30:00+00:00,100000,0
bullish_fvg_continuation,2026-01-30T14:30:00+00:00,100000,0
bullish_fvg_continuation,2026-02-02T14:30:00+00:00,100000,0
bullish_fvg_continuation,2026-02-03T14:30:00+00:00,100000,0
bullish_fvg_continuation,2026-02-04T14:30:00+00:00,100000,0
bullish_fvg_continuation,2026-02-05T14:30:00+00:00,99880.655405,-0.00119345
bullish_fvg_continuation,2026-02-06T14:30:00+00:00,99991.155405,-0.00008845
bullish_fvg_continuation,2026-02-09T14:30:00+00:00,99816.155405,-0.00183845
bullish_fvg_continuation,2026-02-10T14:30:00+00:00,99769.155405,-0.00230845
bullish_fvg_continuation,2026-02-11T14:30:00+00:00,99593.610137,-0.0040639
bullish_fvg_continuation,2026-02-12T14:30:00+00:00,98444.070137,-0.0155593
bullish_fvg_continuation,2026-02-13T14:30:00+00:00,98009.600534,-0.01990399
bullish_fvg_continuation,2026-02-17T14:30:00+00:00,98121.920534,-0.01878079
bullish_fvg_continuation,2026-02-18T14:30:00+00:00,98278.440534,-0.01721559
bullish_fvg_continuation,2026-02-19T14:30:00+00:00,98274.280534,-0.01725719
bullish_fvg_continuation,2026-02-20T14:30:00+00:00,98374.120534,-0.01625879
bullish_fvg_continuation,2026-02-23T14:30:00+00:00,98464.080534,-0.01535919
bullish_fvg_continuation,2026-02-24T14:30:00+00:00,98531.680534,-0.01468319
bullish_fvg_continuation,2026-02-25T14:30:00+00:00,98672.600534,-0.01327399
bullish_fvg_continuation,2026-02-26T14:30:00+00:00,97961.881704,-0.02038118
bullish_fvg_continuation,2026-02-27T14:30:00+00:00,96930.041704,-0.03069958
bullish_fvg_continuation,2026-03-02T14:30:00+00:00,96993.644467,-0.03006356
bullish_fvg_continuation,2026-03-03T14:30:00+00:00,96867.284467,-0.03132716
bullish_fvg_continuation,2026-03-04T14:30:00+00:00,97022.764467,-0.02977236
bullish_fvg_continuation,2026-03-05T14:30:00+00:00,97038.364467,-0.02961636
bullish_fvg_continuation,2026-03-06T14:30:00+00:00,96575.69603,-0.03424304
bullish_fvg_continuation,2026-03-09T13:30:00+00:00,96852.61603,-0.03147384
bullish_fvg_continuation,2026-03-10T13:30:00+00:00,97040.13603,-0.02959864
bullish_fvg_continuation,2026-03-11T13:30:00+00:00,96951.09603,-0.03048904
bullish_fvg_continuation,2026-03-12T13:30:00+00:00,96513.77603,-0.03486224
bullish_fvg_continuation,2026-03-13T13:30:00+00:00,96106.04426,-0.03893956
bullish_fvg_continuation,2026-03-16T13:30:00+00:00,96260.48426,-0.03739516
bullish_fvg_continuation,2026-03-17T13:30:00+00:00,96193.40426,-0.03806596
bullish_fvg_continuation,2026-03-18T13:30:00+00:00,96113.84426,-0.03886156
bullish_fvg_continuation,2026-03-19T13:30:00+00:00,96018.16426,-0.03981836
bullish_fvg_continuation,2026-03-20T13:30:00+00:00,95753.250767,-0.04246749
bullish_fvg_continuation,2026-03-23T13:30:00+00:00,95753.250767,-0.04246749
bullish_fvg_continuation,2026-03-24T13:30:00+00:00,95753.250767,-0.04246749
bullish_fvg_continuation,2026-03-25T13:30:00+00:00,95753.250767,-0.04246749
bullish_fvg_continuation,2026-03-26T13:30:00+00:00,95753.250767,-0.04246749
bullish_fvg_continuation,2026-03-27T13:30:00+00:00,95753.250767,-0.04246749
bullish_fvg_continuation,2026-03-30T13:30:00+00:00,95753.250767,-0.04246749
bullish_fvg_continuation,2026-03-31T13:30:00+00:00,95753.250767,-0.04246749
bullish_fvg_continuation,2026-04-01T13:30:00+00:00,95753.250767,-0.04246749
bullish_fvg_continuation,2026-04-02T13:30:00+00:00,95753.250767,-0.04246749
bullish_fvg_continuation,2026-04-06T13:30:00+00:00,96194.439421,-0.03805561
bullish_fvg_continuation,2026-04-07T13:30:00+00:00,95462.536664,-0.04537463
bullish_fvg_continuation,2026-04-08T13:30:00+00:00,96173.136664,-0.03826863
bullish_fvg_continuation,2026-04-09T13:30:00+00:00,96755.412207,-0.03244588
bullish_fvg_continuation,2026-04-10T13:30:00+00:00,97219.518373,-0.02780482
bullish_fvg_continuation,2026-04-13T13:30:00+00:00,97745.138373,-0.02254862
bullish_fvg_continuation,2026-04-14T13:30:00+00:00,99470.838373,-0.00529162
bullish_fvg_continuation,2026-04-15T13:30:00+00:00,100146.478373,0
bullish_fvg_continuation,2026-04-16T13:30:00+00:00,100286.999633,0
bullish_fvg_continuation,2026-04-17T13:30:00+00:00,101200.555808,0
bullish_fvg_continuation,2026-04-20T13:30:00+00:00,100912.415808,-0.00284722
bullish_fvg_continuation,2026-04-21T13:30:00+00:00,100481.893117,-0.00710137
bullish_fvg_continuation,2026-04-22T13:30:00+00:00,101926.923117,0
bullish_fvg_continuation,2026-04-23T13:30:00+00:00,101393.743117,-0.005231
bullish_fvg_continuation,2026-04-24T13:30:00+00:00,102206.354461,0
bullish_fvg_continuation,2026-04-27T13:30:00+00:00,101885.114461,-0.00314305
bullish_fvg_continuation,2026-04-28T13:30:00+00:00,102037.500095,-0.00165209
bullish_fvg_continuation,2026-04-29T13:30:00+00:00,101846.089122,-0.00352488
bullish_fvg_continuation,2026-04-30T13:30:00+00:00,101360.161078,-0.00827926
bullish_fvg_continuation,2026-05-01T13:30:00+00:00,102506.641078,0
bullish_fvg_continuation,2026-05-04T13:30:00+00:00,102277.971078,-0.00223078
bullish_fvg_continuation,2026-05-05T13:30:00+00:00,103255.661078,0
bullish_fvg_continuation,2026-05-06T13:30:00+00:00,104123.657192,0
bullish_fvg_continuation,2026-05-07T13:30:00+00:00,104051.963673,-0.00068854
bullish_fvg_continuation,2026-05-08T13:30:00+00:00,104852.14267,0
bullish_fvg_continuation,2026-05-11T13:30:00+00:00,105096.65655,0
bullish_fvg_continuation,2026-05-12T13:30:00+00:00,104897.95655,-0.00189064
bullish_fvg_continuation,2026-05-13T13:30:00+00:00,105890.76655,0
bullish_fvg_continuation,2026-05-14T13:30:00+00:00,106675.12655,0
bullish_fvg_continuation,2026-05-15T13:30:00+00:00,105814.64655,-0.00806636
bullish_fvg_continuation,2026-05-18T13:30:00+00:00,105444.44655,-0.01153671
bullish_fvg_continuation,2026-05-19T13:30:00+00:00,104838.72655,-0.01721488
bullish_fvg_continuation,2026-05-20T13:30:00+00:00,106038.58655,-0.00596709
bullish_fvg_continuation,2026-05-21T13:30:00+00:00,106172.61655,-0.00471066
bullish_fvg_continuation,2026-05-22T13:30:00+00:00,106270.93655,-0.00378898
bullish_fvg_continuation,2026-05-26T13:30:00+00:00,106611.72655,-0.00059433
bullish_fvg_continuation,2026-05-27T13:30:00+00:00,106811.85655,0
bullish_fvg_continuation,2026-05-28T13:30:00+00:00,107669.21655,0
bullish_fvg_continuation,2026-05-29T13:30:00+00:00,107940.023986,0
bullish_fvg_continuation,2026-06-01T13:30:00+00:00,108304.154524,0
bullish_fvg_continuation,2026-06-02T13:30:00+00:00,108398.521467,0
bullish_fvg_continuation,2026-06-03T13:30:00+00:00,106895.001467,-0.0138703
bullish_fvg_continuation,2026-06-04T13:30:00+00:00,107317.881467,-0.00996914
bullish_fvg_continuation,2026-06-05T13:30:00+00:00,105180.557888,-0.02968642
bullish_fvg_continuation,2026-06-08T13:30:00+00:00,104855.017888,-0.03268959
bullish_fvg_continuation,2026-06-09T13:30:00+00:00,103876.757888,-0.04171426
bullish_fvg_continuation,2026-06-10T13:30:00+00:00,103155.457888,-0.0483684
bullish_fvg_continuation,2026-06-11T13:30:00+00:00,103673.037888,-0.04359362
bullish_fvg_continuation,2026-06-12T13:30:00+00:00,103280.477888,-0.04721507
bullish_fvg_continuation,2026-06-15T13:30:00+00:00,104511.017888,-0.03586307
bullish_fvg_continuation,2026-06-16T13:30:00+00:00,104301.177888,-0.03779889
bullish_fvg_continuation,2026-06-17T13:30:00+00:00,102666.925717,-0.05287522
bullish_fvg_continuation,2026-06-18T13:30:00+00:00,104056.115717,-0.04005964
bullish_fvg_continuation,2026-06-22T13:30:00+00:00,103120.545366,-0.04869048
bullish_fvg_continuation,2026-06-23T13:30:00+00:00,101589.145229,-0.06281798
bullish_fvg_continuation,2026-06-24T13:30:00+00:00,101338.558153,-0.0651297
bullish_fvg_continuation,2026-06-25T13:30:00+00:00,100093.824635,-0.07661264
bullish_fvg_continuation,2026-06-26T13:30:00+00:00,100309.664635,-0.07462147
bullish_fvg_continuation,2026-06-29T13:30:00+00:00,100592.764635,-0.07200981
bullish_fvg_continuation,2026-06-30T13:30:00+00:00,100524.364635,-0.07264081
bullish_fvg_continuation,2026-07-01T13:30:00+00:00,100652.044635,-0.07146294
bullish_fvg_continuation,2026-07-01T13:30:00+00:00,100646.534335,-0.07151377
cash_no_trade_baseline,2026-01-02T14:30:00+00:00,100000,0
cash_no_trade_baseline,2026-01-05T14:30:00+00:00,100000,0
cash_no_trade_baseline,2026-01-06T14:30:00+00:00,100000,0
cash_no_trade_baseline,2026-01-07T14:30:00+00:00,100000,0
cash_no_trade_baseline,2026-01-08T14:30:00+00:00,100000,0
cash_no_trade_baseline,2026-01-09T14:30:00+00:00,100000,0
cash_no_trade_baseline,2026-01-12T14:30:00+00:00,100000,0
cash_no_trade_baseline,2026-01-13T14:30:00+00:00,100000,0
cash_no_trade_baseline,2026-01-14T14:30:00+00:00,100000,0
cash_no_trade_baseline,2026-01-15T14:30:00+00:00,100000,0
cash_no_trade_baseline,2026-01-16T14:30:00+00:00,100000,0
cash_no_trade_baseline,2026-01-20T14:30:00+00:00,100000,0
cash_no_trade_baseline,2026-01-21T14:30:00+00:00,100000,0
cash_no_trade_baseline,2026-01-22T14:30:00+00:00,100000,0
cash_no_trade_baseline,2026-01-23T14:30:00+00:00,100000,0
cash_no_trade_baseline,2026-01-26T14:30:00+00:00,100000,0
cash_no_trade_baseline,2026-01-27T14:30:00+00:00,100000,0
cash_no_trade_baseline,2026-01-28T14:30:00+00:00,100000,0
cash_no_trade_baseline,2026-01-29T14:30:00+00:00,100000,0
cash_no_trade_baseline,2026-01-30T14:30:00+00:00,100000,0
cash_no_trade_baseline,2026-02-02T14:30:00+00:00,100000,0
cash_no_trade_baseline,2026-02-03T14:30:00+00:00,100000,0
cash_no_trade_baseline,2026-02-04T14:30:00+00:00,100000,0
cash_no_trade_baseline,2026-02-05T14:30:00+00:00,100000,0
cash_no_trade_baseline,2026-02-06T14:30:00+00:00,100000,0
cash_no_trade_baseline,2026-02-09T14:30:00+00:00,100000,0
cash_no_trade_baseline,2026-02-10T14:30:00+00:00,100000,0
cash_no_trade_baseline,2026-02-11T14:30:00+00:00,100000,0
cash_no_trade_baseline,2026-02-12T14:30:00+00:00,100000,0
cash_no_trade_baseline,2026-02-13T14:30:00+00:00,100000,0
cash_no_trade_baseline,2026-02-17T14:30:00+00:00,100000,0
cash_no_trade_baseline,2026-02-18T14:30:00+00:00,100000,0
cash_no_trade_baseline,2026-02-19T14:30:00+00:00,100000,0
cash_no_trade_baseline,2026-02-20T14:30:00+00:00,100000,0
cash_no_trade_baseline,2026-02-23T14:30:00+00:00,100000,0
cash_no_trade_baseline,2026-02-24T14:30:00+00:00,100000,0
cash_no_trade_baseline,2026-02-25T14:30:00+00:00,100000,0
cash_no_trade_baseline,2026-02-26T14:30:00+00:00,100000,0
cash_no_trade_baseline,2026-02-27T14:30:00+00:00,100000,0
cash_no_trade_baseline,2026-03-02T14:30:00+00:00,100000,0
cash_no_trade_baseline,2026-03-03T14:30:00+00:00,100000,0
cash_no_trade_baseline,2026-03-04T14:30:00+00:00,100000,0
cash_no_trade_baseline,2026-03-05T14:30:00+00:00,100000,0
cash_no_trade_baseline,2026-03-06T14:30:00+00:00,100000,0
cash_no_trade_baseline,2026-03-09T13:30:00+00:00,100000,0
cash_no_trade_baseline,2026-03-10T13:30:00+00:00,100000,0
cash_no_trade_baseline,2026-03-11T13:30:00+00:00,100000,0
cash_no_trade_baseline,2026-03-12T13:30:00+00:00,100000,0
cash_no_trade_baseline,2026-03-13T13:30:00+00:00,100000,0
cash_no_trade_baseline,2026-03-16T13:30:00+00:00,100000,0
cash_no_trade_baseline,2026-03-17T13:30:00+00:00,100000,0
cash_no_trade_baseline,2026-03-18T13:30:00+00:00,100000,0
cash_no_trade_baseline,2026-03-19T13:30:00+00:00,100000,0
cash_no_trade_baseline,2026-03-20T13:30:00+00:00,100000,0
cash_no_trade_baseline,2026-03-23T13:30:00+00:00,100000,0
cash_no_trade_baseline,2026-03-24T13:30:00+00:00,100000,0
cash_no_trade_baseline,2026-03-25T13:30:00+00:00,100000,0
cash_no_trade_baseline,2026-03-26T13:30:00+00:00,100000,0
cash_no_trade_baseline,2026-03-27T13:30:00+00:00,100000,0
cash_no_trade_baseline,2026-03-30T13:30:00+00:00,100000,0
cash_no_trade_baseline,2026-03-31T13:30:00+00:00,100000,0
cash_no_trade_baseline,2026-04-01T13:30:00+00:00,100000,0
cash_no_trade_baseline,2026-04-02T13:30:00+00:00,100000,0
cash_no_trade_baseline,2026-04-06T13:30:00+00:00,100000,0
cash_no_trade_baseline,2026-04-07T13:30:00+00:00,100000,0
cash_no_trade_baseline,2026-04-08T13:30:00+00:00,100000,0
cash_no_trade_baseline,2026-04-09T13:30:00+00:00,100000,0
cash_no_trade_baseline,2026-04-10T13:30:00+00:00,100000,0
cash_no_trade_baseline,2026-04-13T13:30:00+00:00,100000,0
cash_no_trade_baseline,2026-04-14T13:30:00+00:00,100000,0
cash_no_trade_baseline,2026-04-15T13:30:00+00:00,100000,0
cash_no_trade_baseline,2026-04-16T13:30:00+00:00,100000,0
cash_no_trade_baseline,2026-04-17T13:30:00+00:00,100000,0
cash_no_trade_baseline,2026-04-20T13:30:00+00:00,100000,0
cash_no_trade_baseline,2026-04-21T13:30:00+00:00,100000,0
cash_no_trade_baseline,2026-04-22T13:30:00+00:00,100000,0
cash_no_trade_baseline,2026-04-23T13:30:00+00:00,100000,0
cash_no_trade_baseline,2026-04-24T13:30:00+00:00,100000,0
cash_no_trade_baseline,2026-04-27T13:30:00+00:00,100000,0
cash_no_trade_baseline,2026-04-28T13:30:00+00:00,100000,0
cash_no_trade_baseline,2026-04-29T13:30:00+00:00,100000,0
cash_no_trade_baseline,2026-04-30T13:30:00+00:00,100000,0
cash_no_trade_baseline,2026-05-01T13:30:00+00:00,100000,0
cash_no_trade_baseline,2026-05-04T13:30:00+00:00,100000,0
cash_no_trade_baseline,2026-05-05T13:30:00+00:00,100000,0
cash_no_trade_baseline,2026-05-06T13:30:00+00:00,100000,0
cash_no_trade_baseline,2026-05-07T13:30:00+00:00,100000,0
cash_no_trade_baseline,2026-05-08T13:30:00+00:00,100000,0
cash_no_trade_baseline,2026-05-11T13:30:00+00:00,100000,0
cash_no_trade_baseline,2026-05-12T13:30:00+00:00,100000,0
cash_no_trade_baseline,2026-05-13T13:30:00+00:00,100000,0
cash_no_trade_baseline,2026-05-14T13:30:00+00:00,100000,0
cash_no_trade_baseline,2026-05-15T13:30:00+00:00,100000,0
cash_no_trade_baseline,2026-05-18T13:30:00+00:00,100000,0
cash_no_trade_baseline,2026-05-19T13:30:00+00:00,100000,0
cash_no_trade_baseline,2026-05-20T13:30:00+00:00,100000,0
cash_no_trade_baseline,2026-05-21T13:30:00+00:00,100000,0
cash_no_trade_baseline,2026-05-22T13:30:00+00:00,100000,0
cash_no_trade_baseline,2026-05-26T13:30:00+00:00,100000,0
cash_no_trade_baseline,2026-05-27T13:30:00+00:00,100000,0
cash_no_trade_baseline,2026-05-28T13:30:00+00:00,100000,0
cash_no_trade_baseline,2026-05-29T13:30:00+00:00,100000,0
cash_no_trade_baseline,2026-06-01T13:30:00+00:00,100000,0
cash_no_trade_baseline,2026-06-02T13:30:00+00:00,100000,0
cash_no_trade_baseline,2026-06-03T13:30:00+00:00,100000,0
cash_no_trade_baseline,2026-06-04T13:30:00+00:00,100000,0
cash_no_trade_baseline,2026-06-05T13:30:00+00:00,100000,0
cash_no_trade_baseline,2026-06-08T13:30:00+00:00,100000,0
cash_no_trade_baseline,2026-06-09T13:30:00+00:00,100000,0
cash_no_trade_baseline,2026-06-10T13:30:00+00:00,100000,0
cash_no_trade_baseline,2026-06-11T13:30:00+00:00,100000,0
cash_no_trade_baseline,2026-06-12T13:30:00+00:00,100000,0
cash_no_trade_baseline,2026-06-15T13:30:00+00:00,100000,0
cash_no_trade_baseline,2026-06-16T13:30:00+00:00,100000,0
cash_no_trade_baseline,2026-06-17T13:30:00+00:00,100000,0
cash_no_trade_baseline,2026-06-18T13:30:00+00:00,100000,0
cash_no_trade_baseline,2026-06-22T13:30:00+00:00,100000,0
cash_no_trade_baseline,2026-06-23T13:30:00+00:00,100000,0
cash_no_trade_baseline,2026-06-24T13:30:00+00:00,100000,0
cash_no_trade_baseline,2026-06-25T13:30:00+00:00,100000,0
cash_no_trade_baseline,2026-06-26T13:30:00+00:00,100000,0
cash_no_trade_baseline,2026-06-29T13:30:00+00:00,100000,0
cash_no_trade_baseline,2026-06-30T13:30:00+00:00,100000,0
cash_no_trade_baseline,2026-07-01T13:30:00+00:00,100000,0
cross_sectional_relative_strength,2026-01-05T14:30:00+00:00,100000,0
cross_sectional_relative_strength,2026-01-06T14:30:00+00:00,100000,0
cross_sectional_relative_strength,2026-01-07T14:30:00+00:00,100000,0
cross_sectional_relative_strength,2026-01-08T14:30:00+00:00,100000,0
cross_sectional_relative_strength,2026-01-09T14:30:00+00:00,100000,0
cross_sectional_relative_strength,2026-01-12T14:30:00+00:00,100000,0
cross_sectional_relative_strength,2026-01-13T14:30:00+00:00,100000,0
cross_sectional_relative_strength,2026-01-14T14:30:00+00:00,100000,0
cross_sectional_relative_strength,2026-01-15T14:30:00+00:00,100000,0
cross_sectional_relative_strength,2026-01-16T14:30:00+00:00,100000,0
cross_sectional_relative_strength,2026-01-20T14:30:00+00:00,100000,0
cross_sectional_relative_strength,2026-01-21T14:30:00+00:00,100000,0
cross_sectional_relative_strength,2026-01-22T14:30:00+00:00,100000,0
cross_sectional_relative_strength,2026-01-23T14:30:00+00:00,100000,0
cross_sectional_relative_strength,2026-01-26T14:30:00+00:00,100000,0
cross_sectional_relative_strength,2026-01-27T14:30:00+00:00,100000,0
cross_sectional_relative_strength,2026-01-28T14:30:00+00:00,100000,0
cross_sectional_relative_strength,2026-01-29T14:30:00+00:00,100000,0
cross_sectional_relative_strength,2026-01-30T14:30:00+00:00,100000,0
cross_sectional_relative_strength,2026-02-02T14:30:00+00:00,100000,0
cross_sectional_relative_strength,2026-02-03T14:30:00+00:00,100000,0
cross_sectional_relative_strength,2026-02-04T14:30:00+00:00,100000,0
cross_sectional_relative_strength,2026-02-05T14:30:00+00:00,100000,0
cross_sectional_relative_strength,2026-02-06T14:30:00+00:00,100000,0
cross_sectional_relative_strength,2026-02-09T14:30:00+00:00,100000,0
cross_sectional_relative_strength,2026-02-10T14:30:00+00:00,100000,0
cross_sectional_relative_strength,2026-02-11T14:30:00+00:00,100000,0
cross_sectional_relative_strength,2026-02-12T14:30:00+00:00,100000,0
cross_sectional_relative_strength,2026-02-13T14:30:00+00:00,100000,0
cross_sectional_relative_strength,2026-02-17T14:30:00+00:00,100000,0
cross_sectional_relative_strength,2026-02-18T14:30:00+00:00,100000,0
cross_sectional_relative_strength,2026-02-19T14:30:00+00:00,100000,0
cross_sectional_relative_strength,2026-02-20T14:30:00+00:00,100000,0
cross_sectional_relative_strength,2026-02-23T14:30:00+00:00,100000,0
cross_sectional_relative_strength,2026-02-24T14:30:00+00:00,100000,0
cross_sectional_relative_strength,2026-02-25T14:30:00+00:00,100000,0
cross_sectional_relative_strength,2026-02-26T14:30:00+00:00,100000,0
cross_sectional_relative_strength,2026-02-27T14:30:00+00:00,100000,0
cross_sectional_relative_strength,2026-03-02T14:30:00+00:00,100000,0
cross_sectional_relative_strength,2026-03-03T14:30:00+00:00,100000,0
cross_sectional_relative_strength,2026-03-04T14:30:00+00:00,100000,0
cross_sectional_relative_strength,2026-03-05T14:30:00+00:00,100000,0
cross_sectional_relative_strength,2026-03-06T14:30:00+00:00,100000,0
cross_sectional_relative_strength,2026-03-09T13:30:00+00:00,100000,0
cross_sectional_relative_strength,2026-03-10T13:30:00+00:00,100000,0
cross_sectional_relative_strength,2026-03-11T13:30:00+00:00,100000,0
cross_sectional_relative_strength,2026-03-12T13:30:00+00:00,100000,0
cross_sectional_relative_strength,2026-03-13T13:30:00+00:00,100000,0
cross_sectional_relative_strength,2026-03-16T13:30:00+00:00,100000,0
cross_sectional_relative_strength,2026-03-17T13:30:00+00:00,100000,0
cross_sectional_relative_strength,2026-03-18T13:30:00+00:00,100000,0
cross_sectional_relative_strength,2026-03-19T13:30:00+00:00,100000,0
cross_sectional_relative_strength,2026-03-20T13:30:00+00:00,100000,0
cross_sectional_relative_strength,2026-03-23T13:30:00+00:00,100000,0
cross_sectional_relative_strength,2026-03-24T13:30:00+00:00,100000,0
cross_sectional_relative_strength,2026-03-25T13:30:00+00:00,100000,0
cross_sectional_relative_strength,2026-03-26T13:30:00+00:00,100000,0
cross_sectional_relative_strength,2026-03-27T13:30:00+00:00,100000,0
cross_sectional_relative_strength,2026-03-30T13:30:00+00:00,100000,0
cross_sectional_relative_strength,2026-03-31T13:30:00+00:00,100000,0
cross_sectional_relative_strength,2026-04-01T13:30:00+00:00,100000,0
cross_sectional_relative_strength,2026-04-02T13:30:00+00:00,100000,0
cross_sectional_relative_strength,2026-04-06T13:30:00+00:00,100000,0
cross_sectional_relative_strength,2026-04-07T13:30:00+00:00,100000,0
cross_sectional_relative_strength,2026-04-08T13:30:00+00:00,100000,0
cross_sectional_relative_strength,2026-04-09T13:30:00+00:00,100000,0
cross_sectional_relative_strength,2026-04-10T13:30:00+00:00,100307.286549,0
cross_sectional_relative_strength,2026-04-13T13:30:00+00:00,100356.926549,0
cross_sectional_relative_strength,2026-04-14T13:30:00+00:00,101258.557305,0
cross_sectional_relative_strength,2026-04-15T13:30:00+00:00,101403.277305,0
cross_sectional_relative_strength,2026-04-16T13:30:00+00:00,101208.191517,-0.00192386
cross_sectional_relative_strength,2026-04-17T13:30:00+00:00,101920.321517,0
cross_sectional_relative_strength,2026-04-20T13:30:00+00:00,102002.061517,0
cross_sectional_relative_strength,2026-04-21T13:30:00+00:00,101502.751517,-0.0048951
cross_sectional_relative_strength,2026-04-22T13:30:00+00:00,102416.861517,0
cross_sectional_relative_strength,2026-04-23T13:30:00+00:00,102209.361517,-0.00202603
cross_sectional_relative_strength,2026-04-24T13:30:00+00:00,103164.641517,0
cross_sectional_relative_strength,2026-04-27T13:30:00+00:00,103407.451517,0
cross_sectional_relative_strength,2026-04-28T13:30:00+00:00,103265.637151,-0.00137141
cross_sectional_relative_strength,2026-04-29T13:30:00+00:00,103243.617151,-0.00158436
cross_sectional_relative_strength,2026-04-30T13:30:00+00:00,102902.297151,-0.00488509
cross_sectional_relative_strength,2026-05-01T13:30:00+00:00,103727.417151,0
cross_sectional_relative_strength,2026-05-04T13:30:00+00:00,103687.157151,-0.00038813
cross_sectional_relative_strength,2026-05-05T13:30:00+00:00,104339.717151,0
cross_sectional_relative_strength,2026-05-06T13:30:00+00:00,105874.387151,0
cross_sectional_relative_strength,2026-05-07T13:30:00+00:00,105910.597151,0
cross_sectional_relative_strength,2026-05-08T13:30:00+00:00,107113.987151,0
cross_sectional_relative_strength,2026-05-11T13:30:00+00:00,107250.057151,0
cross_sectional_relative_strength,2026-05-12T13:30:00+00:00,107302.11141,0
cross_sectional_relative_strength,2026-05-13T13:30:00+00:00,108006.98141,0
cross_sectional_relative_strength,2026-05-14T13:30:00+00:00,107964.23141,-0.00039581
cross_sectional_relative_strength,2026-05-15T13:30:00+00:00,107600.43141,-0.00376411
cross_sectional_relative_strength,2026-05-18T13:30:00+00:00,107398.91141,-0.00562991
cross_sectional_relative_strength,2026-05-19T13:30:00+00:00,107045.91141,-0.00889822
cross_sectional_relative_strength,2026-05-20T13:30:00+00:00,107898.38141,-0.00100549
cross_sectional_relative_strength,2026-05-21T13:30:00+00:00,108291.91141,0
cross_sectional_relative_strength,2026-05-22T13:30:00+00:00,108506.85141,0
cross_sectional_relative_strength,2026-05-26T13:30:00+00:00,108804.08141,0
cross_sectional_relative_strength,2026-05-27T13:30:00+00:00,109419.342168,0
cross_sectional_relative_strength,2026-05-28T13:30:00+00:00,109717.792168,0
cross_sectional_relative_strength,2026-05-29T13:30:00+00:00,109672.891718,-0.00040924
cross_sectional_relative_strength,2026-06-01T13:30:00+00:00,109317.710675,-0.00364646
cross_sectional_relative_strength,2026-06-02T13:30:00+00:00,109213.060022,-0.00460028
cross_sectional_relative_strength,2026-06-03T13:30:00+00:00,108677.330022,-0.00948308
cross_sectional_relative_strength,2026-06-04T13:30:00+00:00,108854.040022,-0.00787249
cross_sectional_relative_strength,2026-06-05T13:30:00+00:00,107237.544875,-0.0226057
cross_sectional_relative_strength,2026-06-08T13:30:00+00:00,106610.106148,-0.02832436
cross_sectional_relative_strength,2026-06-09T13:30:00+00:00,105546.328839,-0.03801994
cross_sectional_relative_strength,2026-06-10T13:30:00+00:00,104548.498839,-0.04711445
cross_sectional_relative_strength,2026-06-11T13:30:00+00:00,105747.508998,-0.03618632
cross_sectional_relative_strength,2026-06-12T13:30:00+00:00,105588.088998,-0.03763932
cross_sectional_relative_strength,2026-06-15T13:30:00+00:00,107167.158998,-0.02324722
cross_sectional_relative_strength,2026-06-16T13:30:00+00:00,106816.818998,-0.02644032
cross_sectional_relative_strength,2026-06-17T13:30:00+00:00,105773.678998,-0.0359478
cross_sectional_relative_strength,2026-06-18T13:30:00+00:00,106858.868998,-0.02605706
cross_sectional_relative_strength,2026-06-22T13:30:00+00:00,106065.548998,-0.03328761
cross_sectional_relative_strength,2026-06-23T13:30:00+00:00,105092.568998,-0.04215563
cross_sectional_relative_strength,2026-06-24T13:30:00+00:00,104954.868998,-0.04341067
cross_sectional_relative_strength,2026-06-25T13:30:00+00:00,103886.768998,-0.05314565
cross_sectional_relative_strength,2026-06-26T13:30:00+00:00,103954.491408,-0.05252841
cross_sectional_relative_strength,2026-06-29T13:30:00+00:00,104707.981408,-0.04566088
cross_sectional_relative_strength,2026-06-30T13:30:00+00:00,105429.57632,-0.03908405
cross_sectional_relative_strength,2026-07-01T13:30:00+00:00,105530.37632,-0.03816533
cross_sectional_relative_strength,2026-07-01T13:30:00+00:00,105491.268867,-0.03852177
donchian_breakout_20_10,2026-01-05T14:30:00+00:00,100000,0
donchian_breakout_20_10,2026-01-06T14:30:00+00:00,100000,0
donchian_breakout_20_10,2026-01-07T14:30:00+00:00,100000,0
donchian_breakout_20_10,2026-01-08T14:30:00+00:00,100000,0
donchian_breakout_20_10,2026-01-09T14:30:00+00:00,100000,0
donchian_breakout_20_10,2026-01-12T14:30:00+00:00,100000,0
donchian_breakout_20_10,2026-01-13T14:30:00+00:00,100000,0
donchian_breakout_20_10,2026-01-14T14:30:00+00:00,100000,0
donchian_breakout_20_10,2026-01-15T14:30:00+00:00,100000,0
donchian_breakout_20_10,2026-01-16T14:30:00+00:00,100000,0
donchian_breakout_20_10,2026-01-20T14:30:00+00:00,100000,0
donchian_breakout_20_10,2026-01-21T14:30:00+00:00,100000,0
donchian_breakout_20_10,2026-01-22T14:30:00+00:00,100000,0
donchian_breakout_20_10,2026-01-23T14:30:00+00:00,100000,0
donchian_breakout_20_10,2026-01-26T14:30:00+00:00,100000,0
donchian_breakout_20_10,2026-01-27T14:30:00+00:00,100000,0
donchian_breakout_20_10,2026-01-28T14:30:00+00:00,100000,0
donchian_breakout_20_10,2026-01-29T14:30:00+00:00,100000,0
donchian_breakout_20_10,2026-01-30T14:30:00+00:00,100000,0
donchian_breakout_20_10,2026-02-02T14:30:00+00:00,100000,0
donchian_breakout_20_10,2026-02-03T14:30:00+00:00,100000,0
donchian_breakout_20_10,2026-02-04T14:30:00+00:00,100000,0
donchian_breakout_20_10,2026-02-05T14:30:00+00:00,99844.852026,-0.00155148
donchian_breakout_20_10,2026-02-06T14:30:00+00:00,99988.502026,-0.00011498
donchian_breakout_20_10,2026-02-09T14:30:00+00:00,99761.002026,-0.00238998
donchian_breakout_20_10,2026-02-10T14:30:00+00:00,99699.902026,-0.00300098
donchian_breakout_20_10,2026-02-11T14:30:00+00:00,99818.202026,-0.00181798
donchian_breakout_20_10,2026-02-12T14:30:00+00:00,99000.178754,-0.00999821
donchian_breakout_20_10,2026-02-13T14:30:00+00:00,99000.178754,-0.00999821
donchian_breakout_20_10,2026-02-17T14:30:00+00:00,99000.178754,-0.00999821
donchian_breakout_20_10,2026-02-18T14:30:00+00:00,99000.178754,-0.00999821
donchian_breakout_20_10,2026-02-19T14:30:00+00:00,99000.178754,-0.00999821
donchian_breakout_20_10,2026-02-20T14:30:00+00:00,99000.178754,-0.00999821
donchian_breakout_20_10,2026-02-23T14:30:00+00:00,99000.178754,-0.00999821
donchian_breakout_20_10,2026-02-24T14:30:00+00:00,99000.178754,-0.00999821
donchian_breakout_20_10,2026-02-25T14:30:00+00:00,99000.178754,-0.00999821
donchian_breakout_20_10,2026-02-26T14:30:00+00:00,98173.977015,-0.01826023
donchian_breakout_20_10,2026-02-27T14:30:00+00:00,97989.561474,-0.02010439
donchian_breakout_20_10,2026-03-02T14:30:00+00:00,97989.561474,-0.02010439
donchian_breakout_20_10,2026-03-03T14:30:00+00:00,97989.561474,-0.02010439
donchian_breakout_20_10,2026-03-04T14:30:00+00:00,97989.561474,-0.02010439
donchian_breakout_20_10,2026-03-05T14:30:00+00:00,97989.561474,-0.02010439
donchian_breakout_20_10,2026-03-06T14:30:00+00:00,97989.561474,-0.02010439
donchian_breakout_20_10,2026-03-09T13:30:00+00:00,97989.561474,-0.02010439
donchian_breakout_20_10,2026-03-10T13:30:00+00:00,97989.561474,-0.02010439
donchian_breakout_20_10,2026-03-11T13:30:00+00:00,97989.561474,-0.02010439
donchian_breakout_20_10,2026-03-12T13:30:00+00:00,97989.561474,-0.02010439
donchian_breakout_20_10,2026-03-13T13:30:00+00:00,97989.561474,-0.02010439
donchian_breakout_20_10,2026-03-16T13:30:00+00:00,97989.561474,-0.02010439
donchian_breakout_20_10,2026-03-17T13:30:00+00:00,97989.561474,-0.02010439
donchian_breakout_20_10,2026-03-18T13:30:00+00:00,97989.561474,-0.02010439
donchian_breakout_20_10,2026-03-19T13:30:00+00:00,97989.561474,-0.02010439
donchian_breakout_20_10,2026-03-20T13:30:00+00:00,97989.561474,-0.02010439
donchian_breakout_20_10,2026-03-23T13:30:00+00:00,97989.561474,-0.02010439
donchian_breakout_20_10,2026-03-24T13:30:00+00:00,97989.561474,-0.02010439
donchian_breakout_20_10,2026-03-25T13:30:00+00:00,97989.561474,-0.02010439
donchian_breakout_20_10,2026-03-26T13:30:00+00:00,97989.561474,-0.02010439
donchian_breakout_20_10,2026-03-27T13:30:00+00:00,97989.561474,-0.02010439
donchian_breakout_20_10,2026-03-30T13:30:00+00:00,97989.561474,-0.02010439
donchian_breakout_20_10,2026-03-31T13:30:00+00:00,97989.561474,-0.02010439
donchian_breakout_20_10,2026-04-01T13:30:00+00:00,97989.561474,-0.02010439
donchian_breakout_20_10,2026-04-02T13:30:00+00:00,97989.561474,-0.02010439
donchian_breakout_20_10,2026-04-06T13:30:00+00:00,97989.561474,-0.02010439
donchian_breakout_20_10,2026-04-07T13:30:00+00:00,97989.561474,-0.02010439
donchian_breakout_20_10,2026-04-08T13:30:00+00:00,97989.561474,-0.02010439
donchian_breakout_20_10,2026-04-09T13:30:00+00:00,98486.652519,-0.01513347
donchian_breakout_20_10,2026-04-10T13:30:00+00:00,98770.452519,-0.01229547
donchian_breakout_20_10,2026-04-13T13:30:00+00:00,99102.469528,-0.0089753
donchian_breakout_20_10,2026-04-14T13:30:00+00:00,100193.352724,0
donchian_breakout_20_10,2026-04-15T13:30:00+00:00,100803.970746,0
donchian_breakout_20_10,2026-04-16T13:30:00+00:00,100718.357981,-0.0008493
donchian_breakout_20_10,2026-04-17T13:30:00+00:00,102178.507981,0
donchian_breakout_20_10,2026-04-20T13:30:00+00:00,102017.387981,-0.00157685
donchian_breakout_20_10,2026-04-21T13:30:00+00:00,101401.467981,-0.00760473
donchian_breakout_20_10,2026-04-22T13:30:00+00:00,103334.457981,0
donchian_breakout_20_10,2026-04-23T13:30:00+00:00,102473.757173,-0.00832927
donchian_breakout_20_10,2026-04-24T13:30:00+00:00,103943.217173,0
donchian_breakout_20_10,2026-04-27T13:30:00+00:00,104325.660931,0
donchian_breakout_20_10,2026-04-28T13:30:00+00:00,103978.560931,-0.00332708
donchian_breakout_20_10,2026-04-29T13:30:00+00:00,103778.270931,-0.00524694
donchian_breakout_20_10,2026-04-30T13:30:00+00:00,102961.750931,-0.01307358
donchian_breakout_20_10,2026-05-01T13:30:00+00:00,104223.560931,-0.00097867
donchian_breakout_20_10,2026-05-04T13:30:00+00:00,104101.570931,-0.00214799
donchian_breakout_20_10,2026-05-05T13:30:00+00:00,104863.940375,0
donchian_breakout_20_10,2026-05-06T13:30:00+00:00,106841.392006,0
donchian_breakout_20_10,2026-05-07T13:30:00+00:00,107045.002006,0
donchian_breakout_20_10,2026-05-08T13:30:00+00:00,108377.992006,0
donchian_breakout_20_10,2026-05-11T13:30:00+00:00,108482.992006,0
donchian_breakout_20_10,2026-05-12T13:30:00+00:00,108165.722006,-0.00292461
donchian_breakout_20_10,2026-05-13T13:30:00+00:00,109477.512006,0
donchian_breakout_20_10,2026-05-14T13:30:00+00:00,109919.447255,0
donchian_breakout_20_10,2026-05-15T13:30:00+00:00,109485.079896,-0.00395169
donchian_breakout_20_10,2026-05-18T13:30:00+00:00,108690.561823,-0.01117987
donchian_breakout_20_10,2026-05-19T13:30:00+00:00,108053.551823,-0.01697512
donchian_breakout_20_10,2026-05-20T13:30:00+00:00,109153.911823,-0.00696451
donchian_breakout_20_10,2026-05-21T13:30:00+00:00,109474.578072,-0.00404723
donchian_breakout_20_10,2026-05-22T13:30:00+00:00,109558.528397,-0.00328349
donchian_breakout_20_10,2026-05-26T13:30:00+00:00,109737.678397,-0.00165366
donchian_breakout_20_10,2026-05-27T13:30:00+00:00,110199.733693,0
donchian_breakout_20_10,2026-05-28T13:30:00+00:00,111179.244422,0
donchian_breakout_20_10,2026-05-29T13:30:00+00:00,111754.910418,0
donchian_breakout_20_10,2026-06-01T13:30:00+00:00,111247.250418,-0.00454262
donchian_breakout_20_10,2026-06-02T13:30:00+00:00,110959.280418,-0.00711942
donchian_breakout_20_10,2026-06-03T13:30:00+00:00,109466.594391,-0.0204762
donchian_breakout_20_10,2026-06-04T13:30:00+00:00,109530.684391,-0.01990271
donchian_breakout_20_10,2026-06-05T13:30:00+00:00,107562.488209,-0.03751443
donchian_breakout_20_10,2026-06-08T13:30:00+00:00,107017.868209,-0.04238778
donchian_breakout_20_10,2026-06-09T13:30:00+00:00,106206.727557,-0.04964599
donchian_breakout_20_10,2026-06-10T13:30:00+00:00,106001.027557,-0.05148662
donchian_breakout_20_10,2026-06-11T13:30:00+00:00,105786.374653,-0.05340737
donchian_breakout_20_10,2026-06-12T13:30:00+00:00,105786.374653,-0.05340737
donchian_breakout_20_10,2026-06-15T13:30:00+00:00,105786.374653,-0.05340737
donchian_breakout_20_10,2026-06-16T13:30:00+00:00,105786.374653,-0.05340737
donchian_breakout_20_10,2026-06-17T13:30:00+00:00,105786.374653,-0.05340737
donchian_breakout_20_10,2026-06-18T13:30:00+00:00,105786.374653,-0.05340737
donchian_breakout_20_10,2026-06-22T13:30:00+00:00,105786.374653,-0.05340737
donchian_breakout_20_10,2026-06-23T13:30:00+00:00,105786.374653,-0.05340737
donchian_breakout_20_10,2026-06-24T13:30:00+00:00,105786.374653,-0.05340737
donchian_breakout_20_10,2026-06-25T13:30:00+00:00,105786.374653,-0.05340737
donchian_breakout_20_10,2026-06-26T13:30:00+00:00,105786.374653,-0.05340737
donchian_breakout_20_10,2026-06-29T13:30:00+00:00,105786.374653,-0.05340737
donchian_breakout_20_10,2026-06-30T13:30:00+00:00,105786.374653,-0.05340737
donchian_breakout_20_10,2026-07-01T13:30:00+00:00,105786.374653,-0.05340737
donchian_breakout_20_10,2026-07-01T13:30:00+00:00,105786.374653,-0.05340737
failed_breakout_reversal_short,2026-01-05T14:30:00+00:00,100000,0
failed_breakout_reversal_short,2026-01-06T14:30:00+00:00,100000,0
failed_breakout_reversal_short,2026-01-07T14:30:00+00:00,100000,0
failed_breakout_reversal_short,2026-01-08T14:30:00+00:00,100000,0
failed_breakout_reversal_short,2026-01-09T14:30:00+00:00,100000,0
failed_breakout_reversal_short,2026-01-12T14:30:00+00:00,100000,0
failed_breakout_reversal_short,2026-01-13T14:30:00+00:00,100000,0
failed_breakout_reversal_short,2026-01-14T14:30:00+00:00,100000,0
failed_breakout_reversal_short,2026-01-15T14:30:00+00:00,100000,0
failed_breakout_reversal_short,2026-01-16T14:30:00+00:00,100000,0
failed_breakout_reversal_short,2026-01-20T14:30:00+00:00,100000,0
failed_breakout_reversal_short,2026-01-21T14:30:00+00:00,100000,0
failed_breakout_reversal_short,2026-01-22T14:30:00+00:00,100000,0
failed_breakout_reversal_short,2026-01-23T14:30:00+00:00,100000,0
failed_breakout_reversal_short,2026-01-26T14:30:00+00:00,100000,0
failed_breakout_reversal_short,2026-01-27T14:30:00+00:00,100000,0
failed_breakout_reversal_short,2026-01-28T14:30:00+00:00,100000,0
failed_breakout_reversal_short,2026-01-29T14:30:00+00:00,100000,0
failed_breakout_reversal_short,2026-01-30T14:30:00+00:00,100000,0
failed_breakout_reversal_short,2026-02-02T14:30:00+00:00,100000,0
failed_breakout_reversal_short,2026-02-03T14:30:00+00:00,100000,0
failed_breakout_reversal_short,2026-02-04T14:30:00+00:00,99889.277444,-0.00110723
failed_breakout_reversal_short,2026-02-05T14:30:00+00:00,99889.277444,-0.00110723
failed_breakout_reversal_short,2026-02-06T14:30:00+00:00,99805.306857,-0.00194693
failed_breakout_reversal_short,2026-02-09T14:30:00+00:00,100057.306857,0
failed_breakout_reversal_short,2026-02-10T14:30:00+00:00,100124.986857,0
failed_breakout_reversal_short,2026-02-11T14:30:00+00:00,99993.946857,-0.00130876
failed_breakout_reversal_short,2026-02-12T14:30:00+00:00,100717.296618,0
failed_breakout_reversal_short,2026-02-13T14:30:00+00:00,100717.296618,0
failed_breakout_reversal_short,2026-02-17T14:30:00+00:00,100717.296618,0
failed_breakout_reversal_short,2026-02-18T14:30:00+00:00,100717.296618,0
failed_breakout_reversal_short,2026-02-19T14:30:00+00:00,100717.296618,0
failed_breakout_reversal_short,2026-02-20T14:30:00+00:00,100717.296618,0
failed_breakout_reversal_short,2026-02-23T14:30:00+00:00,100717.296618,0
failed_breakout_reversal_short,2026-02-24T14:30:00+00:00,100717.296618,0
failed_breakout_reversal_short,2026-02-25T14:30:00+00:00,100717.296618,0
failed_breakout_reversal_short,2026-02-26T14:30:00+00:00,100717.296618,0
failed_breakout_reversal_short,2026-02-27T14:30:00+00:00,100717.296618,0
failed_breakout_reversal_short,2026-03-02T14:30:00+00:00,100717.296618,0
failed_breakout_reversal_short,2026-03-03T14:30:00+00:00,100717.296618,0
failed_breakout_reversal_short,2026-03-04T14:30:00+00:00,100717.296618,0
failed_breakout_reversal_short,2026-03-05T14:30:00+00:00,100717.296618,0
failed_breakout_reversal_short,2026-03-06T14:30:00+00:00,100717.296618,0
failed_breakout_reversal_short,2026-03-09T13:30:00+00:00,100717.296618,0
failed_breakout_reversal_short,2026-03-10T13:30:00+00:00,100717.296618,0
failed_breakout_reversal_short,2026-03-11T13:30:00+00:00,100717.296618,0
failed_breakout_reversal_short,2026-03-12T13:30:00+00:00,100717.296618,0
failed_breakout_reversal_short,2026-03-13T13:30:00+00:00,100717.296618,0
failed_breakout_reversal_short,2026-03-16T13:30:00+00:00,100717.296618,0
failed_breakout_reversal_short,2026-03-17T13:30:00+00:00,100717.296618,0
failed_breakout_reversal_short,2026-03-18T13:30:00+00:00,100717.296618,0
failed_breakout_reversal_short,2026-03-19T13:30:00+00:00,100717.296618,0
failed_breakout_reversal_short,2026-03-20T13:30:00+00:00,100717.296618,0
failed_breakout_reversal_short,2026-03-23T13:30:00+00:00,100717.296618,0
failed_breakout_reversal_short,2026-03-24T13:30:00+00:00,100717.296618,0
failed_breakout_reversal_short,2026-03-25T13:30:00+00:00,100717.296618,0
failed_breakout_reversal_short,2026-03-26T13:30:00+00:00,100717.296618,0
failed_breakout_reversal_short,2026-03-27T13:30:00+00:00,100717.296618,0
failed_breakout_reversal_short,2026-03-30T13:30:00+00:00,100717.296618,0
failed_breakout_reversal_short,2026-03-31T13:30:00+00:00,100717.296618,0
failed_breakout_reversal_short,2026-04-01T13:30:00+00:00,100717.296618,0
failed_breakout_reversal_short,2026-04-02T13:30:00+00:00,100717.296618,0
failed_breakout_reversal_short,2026-04-06T13:30:00+00:00,100717.296618,0
failed_breakout_reversal_short,2026-04-07T13:30:00+00:00,100717.296618,0
failed_breakout_reversal_short,2026-04-08T13:30:00+00:00,100717.296618,0
failed_breakout_reversal_short,2026-04-09T13:30:00+00:00,100717.296618,0
failed_breakout_reversal_short,2026-04-10T13:30:00+00:00,100759.382638,0
failed_breakout_reversal_short,2026-04-13T13:30:00+00:00,100282.320101,-0.00473467
failed_breakout_reversal_short,2026-04-14T13:30:00+00:00,100085.731447,-0.00668574
failed_breakout_reversal_short,2026-04-15T13:30:00+00:00,99697.47059,-0.01053909
failed_breakout_reversal_short,2026-04-16T13:30:00+00:00,99697.47059,-0.01053909
failed_breakout_reversal_short,2026-04-17T13:30:00+00:00,99543.882725,-0.01206339
failed_breakout_reversal_short,2026-04-20T13:30:00+00:00,99604.722602,-0.01145958
failed_breakout_reversal_short,2026-04-21T13:30:00+00:00,99474.322602,-0.01275375
failed_breakout_reversal_short,2026-04-22T13:30:00+00:00,98774.638533,-0.01969786
failed_breakout_reversal_short,2026-04-23T13:30:00+00:00,98839.139324,-0.01905771
failed_breakout_reversal_short,2026-04-24T13:30:00+00:00,98403.467706,-0.02338159
failed_breakout_reversal_short,2026-04-27T13:30:00+00:00,98793.439557,-0.01951127
failed_breakout_reversal_short,2026-04-28T13:30:00+00:00,98793.439557,-0.01951127
failed_breakout_reversal_short,2026-04-29T13:30:00+00:00,98793.439557,-0.01951127
failed_breakout_reversal_short,2026-04-30T13:30:00+00:00,99184.346496,-0.01563166
failed_breakout_reversal_short,2026-05-01T13:30:00+00:00,99045.853919,-0.01700615
failed_breakout_reversal_short,2026-05-04T13:30:00+00:00,98478.743005,-0.02263451
failed_breakout_reversal_short,2026-05-05T13:30:00+00:00,98271.657737,-0.02468976
failed_breakout_reversal_short,2026-05-06T13:30:00+00:00,98121.813583,-0.02617691
failed_breakout_reversal_short,2026-05-07T13:30:00+00:00,98400.673583,-0.02340932
failed_breakout_reversal_short,2026-05-08T13:30:00+00:00,97780.512568,-0.0295642
failed_breakout_reversal_short,2026-05-11T13:30:00+00:00,97504.833347,-0.03230021
failed_breakout_reversal_short,2026-05-12T13:30:00+00:00,97736.243347,-0.03000355
failed_breakout_reversal_short,2026-05-13T13:30:00+00:00,97323.990725,-0.03409501
failed_breakout_reversal_short,2026-05-14T13:30:00+00:00,97536.420725,-0.03198672
failed_breakout_reversal_short,2026-05-15T13:30:00+00:00,97761.260725,-0.02975526
failed_breakout_reversal_short,2026-05-18T13:30:00+00:00,97855.212212,-0.02882283
failed_breakout_reversal_short,2026-05-19T13:30:00+00:00,98139.075504,-0.02600559
failed_breakout_reversal_short,2026-05-20T13:30:00+00:00,97922.595504,-0.02815407
failed_breakout_reversal_short,2026-05-21T13:30:00+00:00,97737.802123,-0.02998808
failed_breakout_reversal_short,2026-05-22T13:30:00+00:00,97737.802123,-0.02998808
failed_breakout_reversal_short,2026-05-26T13:30:00+00:00,97740.732775,-0.029959
failed_breakout_reversal_short,2026-05-27T13:30:00+00:00,97406.089406,-0.03328021
failed_breakout_reversal_short,2026-05-28T13:30:00+00:00,97080.420983,-0.03651235
failed_breakout_reversal_short,2026-05-29T13:30:00+00:00,96935.208285,-0.03795353
failed_breakout_reversal_short,2026-06-01T13:30:00+00:00,97135.799484,-0.03596274
failed_breakout_reversal_short,2026-06-02T13:30:00+00:00,96566.839484,-0.04160946
failed_breakout_reversal_short,2026-06-03T13:30:00+00:00,96555.657397,-0.04172043
failed_breakout_reversal_short,2026-06-04T13:30:00+00:00,96519.394506,-0.04208033
failed_breakout_reversal_short,2026-06-05T13:30:00+00:00,97028.918553,-0.03702349
failed_breakout_reversal_short,2026-06-08T13:30:00+00:00,97394.318553,-0.03339703
failed_breakout_reversal_short,2026-06-09T13:30:00+00:00,97855.545321,-0.02881952
failed_breakout_reversal_short,2026-06-10T13:30:00+00:00,97855.545321,-0.02881952
failed_breakout_reversal_short,2026-06-11T13:30:00+00:00,97855.545321,-0.02881952
failed_breakout_reversal_short,2026-06-12T13:30:00+00:00,97855.545321,-0.02881952
failed_breakout_reversal_short,2026-06-15T13:30:00+00:00,97855.545321,-0.02881952
failed_breakout_reversal_short,2026-06-16T13:30:00+00:00,97855.545321,-0.02881952
failed_breakout_reversal_short,2026-06-17T13:30:00+00:00,97855.545321,-0.02881952
failed_breakout_reversal_short,2026-06-18T13:30:00+00:00,97855.545321,-0.02881952
failed_breakout_reversal_short,2026-06-22T13:30:00+00:00,97855.545321,-0.02881952
failed_breakout_reversal_short,2026-06-23T13:30:00+00:00,97855.545321,-0.02881952
failed_breakout_reversal_short,2026-06-24T13:30:00+00:00,97855.545321,-0.02881952
failed_breakout_reversal_short,2026-06-25T13:30:00+00:00,97855.545321,-0.02881952
failed_breakout_reversal_short,2026-06-26T13:30:00+00:00,97855.545321,-0.02881952
failed_breakout_reversal_short,2026-06-29T13:30:00+00:00,97855.545321,-0.02881952
failed_breakout_reversal_short,2026-06-30T13:30:00+00:00,97855.545321,-0.02881952
failed_breakout_reversal_short,2026-07-01T13:30:00+00:00,97855.545321,-0.02881952
failed_breakout_reversal_short,2026-07-01T13:30:00+00:00,97855.545321,-0.02881952
pullback_reclaim_uptrend,2026-01-05T14:30:00+00:00,100000,0
pullback_reclaim_uptrend,2026-01-06T14:30:00+00:00,100000,0
pullback_reclaim_uptrend,2026-01-07T14:30:00+00:00,100000,0
pullback_reclaim_uptrend,2026-01-08T14:30:00+00:00,100000,0
pullback_reclaim_uptrend,2026-01-09T14:30:00+00:00,100000,0
pullback_reclaim_uptrend,2026-01-12T14:30:00+00:00,100000,0
pullback_reclaim_uptrend,2026-01-13T14:30:00+00:00,100000,0
pullback_reclaim_uptrend,2026-01-14T14:30:00+00:00,100000,0
pullback_reclaim_uptrend,2026-01-15T14:30:00+00:00,100000,0
pullback_reclaim_uptrend,2026-01-16T14:30:00+00:00,100000,0
pullback_reclaim_uptrend,2026-01-20T14:30:00+00:00,100000,0
pullback_reclaim_uptrend,2026-01-21T14:30:00+00:00,100000,0
pullback_reclaim_uptrend,2026-01-22T14:30:00+00:00,100000,0
pullback_reclaim_uptrend,2026-01-23T14:30:00+00:00,100000,0
pullback_reclaim_uptrend,2026-01-26T14:30:00+00:00,100000,0
pullback_reclaim_uptrend,2026-01-27T14:30:00+00:00,100000,0
pullback_reclaim_uptrend,2026-01-28T14:30:00+00:00,100000,0
pullback_reclaim_uptrend,2026-01-29T14:30:00+00:00,100000,0
pullback_reclaim_uptrend,2026-01-30T14:30:00+00:00,100000,0
pullback_reclaim_uptrend,2026-02-02T14:30:00+00:00,100000,0
pullback_reclaim_uptrend,2026-02-03T14:30:00+00:00,100000,0
pullback_reclaim_uptrend,2026-02-04T14:30:00+00:00,100000,0
pullback_reclaim_uptrend,2026-02-05T14:30:00+00:00,100000,0
pullback_reclaim_uptrend,2026-02-06T14:30:00+00:00,100000,0
pullback_reclaim_uptrend,2026-02-09T14:30:00+00:00,100000,0
pullback_reclaim_uptrend,2026-02-10T14:30:00+00:00,100000,0
pullback_reclaim_uptrend,2026-02-11T14:30:00+00:00,100000,0
pullback_reclaim_uptrend,2026-02-12T14:30:00+00:00,100000,0
pullback_reclaim_uptrend,2026-02-13T14:30:00+00:00,100000,0
pullback_reclaim_uptrend,2026-02-17T14:30:00+00:00,100000,0
pullback_reclaim_uptrend,2026-02-18T14:30:00+00:00,100000,0
pullback_reclaim_uptrend,2026-02-19T14:30:00+00:00,100000,0
pullback_reclaim_uptrend,2026-02-20T14:30:00+00:00,100000,0
pullback_reclaim_uptrend,2026-02-23T14:30:00+00:00,100000,0
pullback_reclaim_uptrend,2026-02-24T14:30:00+00:00,100000,0
pullback_reclaim_uptrend,2026-02-25T14:30:00+00:00,100000,0
pullback_reclaim_uptrend,2026-02-26T14:30:00+00:00,100000,0
pullback_reclaim_uptrend,2026-02-27T14:30:00+00:00,100000,0
pullback_reclaim_uptrend,2026-03-02T14:30:00+00:00,100000,0
pullback_reclaim_uptrend,2026-03-03T14:30:00+00:00,100000,0
pullback_reclaim_uptrend,2026-03-04T14:30:00+00:00,100000,0
pullback_reclaim_uptrend,2026-03-05T14:30:00+00:00,100000,0
pullback_reclaim_uptrend,2026-03-06T14:30:00+00:00,100000,0
pullback_reclaim_uptrend,2026-03-09T13:30:00+00:00,100000,0
pullback_reclaim_uptrend,2026-03-10T13:30:00+00:00,100000,0
pullback_reclaim_uptrend,2026-03-11T13:30:00+00:00,100000,0
pullback_reclaim_uptrend,2026-03-12T13:30:00+00:00,100000,0
pullback_reclaim_uptrend,2026-03-13T13:30:00+00:00,100000,0
pullback_reclaim_uptrend,2026-03-16T13:30:00+00:00,100000,0
pullback_reclaim_uptrend,2026-03-17T13:30:00+00:00,100000,0
pullback_reclaim_uptrend,2026-03-18T13:30:00+00:00,100000,0
pullback_reclaim_uptrend,2026-03-19T13:30:00+00:00,100000,0
pullback_reclaim_uptrend,2026-03-20T13:30:00+00:00,100000,0
pullback_reclaim_uptrend,2026-03-23T13:30:00+00:00,100000,0
pullback_reclaim_uptrend,2026-03-24T13:30:00+00:00,100000,0
pullback_reclaim_uptrend,2026-03-25T13:30:00+00:00,100000,0
pullback_reclaim_uptrend,2026-03-26T13:30:00+00:00,100000,0
pullback_reclaim_uptrend,2026-03-27T13:30:00+00:00,100000,0
pullback_reclaim_uptrend,2026-03-30T13:30:00+00:00,100000,0
pullback_reclaim_uptrend,2026-03-31T13:30:00+00:00,100000,0
pullback_reclaim_uptrend,2026-04-01T13:30:00+00:00,100000,0
pullback_reclaim_uptrend,2026-04-02T13:30:00+00:00,100000,0
pullback_reclaim_uptrend,2026-04-06T13:30:00+00:00,100000,0
pullback_reclaim_uptrend,2026-04-07T13:30:00+00:00,100000,0
pullback_reclaim_uptrend,2026-04-08T13:30:00+00:00,100000,0
pullback_reclaim_uptrend,2026-04-09T13:30:00+00:00,100000,0
pullback_reclaim_uptrend,2026-04-10T13:30:00+00:00,100000,0
pullback_reclaim_uptrend,2026-04-13T13:30:00+00:00,100000,0
pullback_reclaim_uptrend,2026-04-14T13:30:00+00:00,100000,0
pullback_reclaim_uptrend,2026-04-15T13:30:00+00:00,100000,0
pullback_reclaim_uptrend,2026-04-16T13:30:00+00:00,100000,0
pullback_reclaim_uptrend,2026-04-17T13:30:00+00:00,100000,0
pullback_reclaim_uptrend,2026-04-20T13:30:00+00:00,100000,0
pullback_reclaim_uptrend,2026-04-21T13:30:00+00:00,100000,0
pullback_reclaim_uptrend,2026-04-22T13:30:00+00:00,100000,0
pullback_reclaim_uptrend,2026-04-23T13:30:00+00:00,100000,0
pullback_reclaim_uptrend,2026-04-24T13:30:00+00:00,100000,0
pullback_reclaim_uptrend,2026-04-27T13:30:00+00:00,100000,0
pullback_reclaim_uptrend,2026-04-28T13:30:00+00:00,100000,0
pullback_reclaim_uptrend,2026-04-29T13:30:00+00:00,100000,0
pullback_reclaim_uptrend,2026-04-30T13:30:00+00:00,100000,0
pullback_reclaim_uptrend,2026-05-01T13:30:00+00:00,100000,0
pullback_reclaim_uptrend,2026-05-04T13:30:00+00:00,100000,0
pullback_reclaim_uptrend,2026-05-05T13:30:00+00:00,100000,0
pullback_reclaim_uptrend,2026-05-06T13:30:00+00:00,100000,0
pullback_reclaim_uptrend,2026-05-07T13:30:00+00:00,100000,0
pullback_reclaim_uptrend,2026-05-08T13:30:00+00:00,100000,0
pullback_reclaim_uptrend,2026-05-11T13:30:00+00:00,100000,0
pullback_reclaim_uptrend,2026-05-12T13:30:00+00:00,100000,0
pullback_reclaim_uptrend,2026-05-13T13:30:00+00:00,100000,0
pullback_reclaim_uptrend,2026-05-14T13:30:00+00:00,100000,0
pullback_reclaim_uptrend,2026-05-15T13:30:00+00:00,100000,0
pullback_reclaim_uptrend,2026-05-18T13:30:00+00:00,100313.490337,0
pullback_reclaim_uptrend,2026-05-19T13:30:00+00:00,100025.850337,-0.00286741
pullback_reclaim_uptrend,2026-05-20T13:30:00+00:00,100196.930337,-0.00116196
pullback_reclaim_uptrend,2026-05-21T13:30:00+00:00,100104.340337,-0.00208496
pullback_reclaim_uptrend,2026-05-22T13:30:00+00:00,100079.900337,-0.0023286
pullback_reclaim_uptrend,2026-05-26T13:30:00+00:00,99960.520337,-0.00351867
pullback_reclaim_uptrend,2026-05-27T13:30:00+00:00,99802.600337,-0.00509293
pullback_reclaim_uptrend,2026-05-28T13:30:00+00:00,100590.003917,0
pullback_reclaim_uptrend,2026-05-29T13:30:00+00:00,101437.473917,0
pullback_reclaim_uptrend,2026-06-01T13:30:00+00:00,101091.323581,-0.00341245
pullback_reclaim_uptrend,2026-06-02T13:30:00+00:00,101091.323581,-0.00341245
pullback_reclaim_uptrend,2026-06-03T13:30:00+00:00,101091.323581,-0.00341245
pullback_reclaim_uptrend,2026-06-04T13:30:00+00:00,101091.323581,-0.00341245
pullback_reclaim_uptrend,2026-06-05T13:30:00+00:00,99623.316768,-0.01788449
pullback_reclaim_uptrend,2026-06-08T13:30:00+00:00,99560.136768,-0.01850733
pullback_reclaim_uptrend,2026-06-09T13:30:00+00:00,99215.39021,-0.02190594
pullback_reclaim_uptrend,2026-06-10T13:30:00+00:00,98679.26021,-0.02719127
pullback_reclaim_uptrend,2026-06-11T13:30:00+00:00,99104.205436,-0.02300204
pullback_reclaim_uptrend,2026-06-12T13:30:00+00:00,98915.408067,-0.02486326
pullback_reclaim_uptrend,2026-06-15T13:30:00+00:00,99859.223867,-0.01555885
pullback_reclaim_uptrend,2026-06-16T13:30:00+00:00,99703.223867,-0.01709674
pullback_reclaim_uptrend,2026-06-17T13:30:00+00:00,99289.063867,-0.02117965
pullback_reclaim_uptrend,2026-06-18T13:30:00+00:00,99845.903867,-0.01569016
pullback_reclaim_uptrend,2026-06-22T13:30:00+00:00,99637.143867,-0.01774818
pullback_reclaim_uptrend,2026-06-23T13:30:00+00:00,98858.773867,-0.02542157
pullback_reclaim_uptrend,2026-06-24T13:30:00+00:00,98704.053867,-0.02694685
pullback_reclaim_uptrend,2026-06-25T13:30:00+00:00,97651.678557,-0.03732147
pullback_reclaim_uptrend,2026-06-26T13:30:00+00:00,97611.987809,-0.03771275
pullback_reclaim_uptrend,2026-06-29T13:30:00+00:00,98427.937809,-0.02966888
pullback_reclaim_uptrend,2026-06-30T13:30:00+00:00,98568.321798,-0.02828493
pullback_reclaim_uptrend,2026-07-01T13:30:00+00:00,98568.321798,-0.02828493
pullback_reclaim_uptrend,2026-07-01T13:30:00+00:00,98568.321798,-0.02828493
ts_momentum_sma_atr,2026-01-05T14:30:00+00:00,100000,0
ts_momentum_sma_atr,2026-01-06T14:30:00+00:00,100000,0
ts_momentum_sma_atr,2026-01-07T14:30:00+00:00,100000,0
ts_momentum_sma_atr,2026-01-08T14:30:00+00:00,100000,0
ts_momentum_sma_atr,2026-01-09T14:30:00+00:00,100000,0
ts_momentum_sma_atr,2026-01-12T14:30:00+00:00,100000,0
ts_momentum_sma_atr,2026-01-13T14:30:00+00:00,100000,0
ts_momentum_sma_atr,2026-01-14T14:30:00+00:00,100000,0
ts_momentum_sma_atr,2026-01-15T14:30:00+00:00,100000,0
ts_momentum_sma_atr,2026-01-16T14:30:00+00:00,100000,0
ts_momentum_sma_atr,2026-01-20T14:30:00+00:00,100000,0
ts_momentum_sma_atr,2026-01-21T14:30:00+00:00,100000,0
ts_momentum_sma_atr,2026-01-22T14:30:00+00:00,100000,0
ts_momentum_sma_atr,2026-01-23T14:30:00+00:00,100000,0
ts_momentum_sma_atr,2026-01-26T14:30:00+00:00,100000,0
ts_momentum_sma_atr,2026-01-27T14:30:00+00:00,100000,0
ts_momentum_sma_atr,2026-01-28T14:30:00+00:00,100000,0
ts_momentum_sma_atr,2026-01-29T14:30:00+00:00,100000,0
ts_momentum_sma_atr,2026-01-30T14:30:00+00:00,100000,0
ts_momentum_sma_atr,2026-02-02T14:30:00+00:00,100000,0
ts_momentum_sma_atr,2026-02-03T14:30:00+00:00,100000,0
ts_momentum_sma_atr,2026-02-04T14:30:00+00:00,100000,0
ts_momentum_sma_atr,2026-02-05T14:30:00+00:00,100000,0
ts_momentum_sma_atr,2026-02-06T14:30:00+00:00,100000,0
ts_momentum_sma_atr,2026-02-09T14:30:00+00:00,100000,0
ts_momentum_sma_atr,2026-02-10T14:30:00+00:00,100000,0
ts_momentum_sma_atr,2026-02-11T14:30:00+00:00,100000,0
ts_momentum_sma_atr,2026-02-12T14:30:00+00:00,100000,0
ts_momentum_sma_atr,2026-02-13T14:30:00+00:00,100000,0
ts_momentum_sma_atr,2026-02-17T14:30:00+00:00,100000,0
ts_momentum_sma_atr,2026-02-18T14:30:00+00:00,100000,0
ts_momentum_sma_atr,2026-02-19T14:30:00+00:00,100000,0
ts_momentum_sma_atr,2026-02-20T14:30:00+00:00,100000,0
ts_momentum_sma_atr,2026-02-23T14:30:00+00:00,100000,0
ts_momentum_sma_atr,2026-02-24T14:30:00+00:00,100000,0
ts_momentum_sma_atr,2026-02-25T14:30:00+00:00,100000,0
ts_momentum_sma_atr,2026-02-26T14:30:00+00:00,100000,0
ts_momentum_sma_atr,2026-02-27T14:30:00+00:00,100000,0
ts_momentum_sma_atr,2026-03-02T14:30:00+00:00,100000,0
ts_momentum_sma_atr,2026-03-03T14:30:00+00:00,100000,0
ts_momentum_sma_atr,2026-03-04T14:30:00+00:00,100000,0
ts_momentum_sma_atr,2026-03-05T14:30:00+00:00,100000,0
ts_momentum_sma_atr,2026-03-06T14:30:00+00:00,100000,0
ts_momentum_sma_atr,2026-03-09T13:30:00+00:00,100000,0
ts_momentum_sma_atr,2026-03-10T13:30:00+00:00,100000,0
ts_momentum_sma_atr,2026-03-11T13:30:00+00:00,100000,0
ts_momentum_sma_atr,2026-03-12T13:30:00+00:00,100000,0
ts_momentum_sma_atr,2026-03-13T13:30:00+00:00,100000,0
ts_momentum_sma_atr,2026-03-16T13:30:00+00:00,100000,0
ts_momentum_sma_atr,2026-03-17T13:30:00+00:00,100000,0
ts_momentum_sma_atr,2026-03-18T13:30:00+00:00,100000,0
ts_momentum_sma_atr,2026-03-19T13:30:00+00:00,100000,0
ts_momentum_sma_atr,2026-03-20T13:30:00+00:00,100000,0
ts_momentum_sma_atr,2026-03-23T13:30:00+00:00,100000,0
ts_momentum_sma_atr,2026-03-24T13:30:00+00:00,100000,0
ts_momentum_sma_atr,2026-03-25T13:30:00+00:00,100000,0
ts_momentum_sma_atr,2026-03-26T13:30:00+00:00,100000,0
ts_momentum_sma_atr,2026-03-27T13:30:00+00:00,100000,0
ts_momentum_sma_atr,2026-03-30T13:30:00+00:00,100000,0
ts_momentum_sma_atr,2026-03-31T13:30:00+00:00,100000,0
ts_momentum_sma_atr,2026-04-01T13:30:00+00:00,100000,0
ts_momentum_sma_atr,2026-04-02T13:30:00+00:00,100000,0
ts_momentum_sma_atr,2026-04-06T13:30:00+00:00,100000,0
ts_momentum_sma_atr,2026-04-07T13:30:00+00:00,100000,0
ts_momentum_sma_atr,2026-04-08T13:30:00+00:00,100000,0
ts_momentum_sma_atr,2026-04-09T13:30:00+00:00,100497.091044,0
ts_momentum_sma_atr,2026-04-10T13:30:00+00:00,100751.334209,0
ts_momentum_sma_atr,2026-04-13T13:30:00+00:00,101659.761466,0
ts_momentum_sma_atr,2026-04-14T13:30:00+00:00,103725.201466,0
ts_momentum_sma_atr,2026-04-15T13:30:00+00:00,104378.721466,0
ts_momentum_sma_atr,2026-04-16T13:30:00+00:00,104303.988701,-0.00071598
ts_momentum_sma_atr,2026-04-17T13:30:00+00:00,105749.757505,0
ts_momentum_sma_atr,2026-04-20T13:30:00+00:00,105574.991813,-0.00165263
ts_momentum_sma_atr,2026-04-21T13:30:00+00:00,104955.191813,-0.00751364
ts_momentum_sma_atr,2026-04-22T13:30:00+00:00,106995.741813,0
ts_momentum_sma_atr,2026-04-23T13:30:00+00:00,105913.161813,-0.01011797
ts_momentum_sma_atr,2026-04-24T13:30:00+00:00,107334.803251,0
ts_momentum_sma_atr,2026-04-27T13:30:00+00:00,107526.359115,0
ts_momentum_sma_atr,2026-04-28T13:30:00+00:00,107227.059115,-0.0027835
ts_momentum_sma_atr,2026-04-29T13:30:00+00:00,107054.119115,-0.00439185
ts_momentum_sma_atr,2026-04-30T13:30:00+00:00,106305.299115,-0.01135591
ts_momentum_sma_atr,2026-05-01T13:30:00+00:00,107849.860247,0
ts_momentum_sma_atr,2026-05-04T13:30:00+00:00,107681.49633,-0.0015611
ts_momentum_sma_atr,2026-05-05T13:30:00+00:00,108514.78633,0
ts_momentum_sma_atr,2026-05-06T13:30:00+00:00,110077.247295,0
ts_momentum_sma_atr,2026-05-07T13:30:00+00:00,110176.363775,0
ts_momentum_sma_atr,2026-05-08T13:30:00+00:00,111561.279071,0
ts_momentum_sma_atr,2026-05-11T13:30:00+00:00,111617.464279,0
ts_momentum_sma_atr,2026-05-12T13:30:00+00:00,111331.135666,-0.00256527
ts_momentum_sma_atr,2026-05-13T13:30:00+00:00,112623.619614,0
ts_momentum_sma_atr,2026-05-14T13:30:00+00:00,113469.155753,0
ts_momentum_sma_atr,2026-05-15T13:30:00+00:00,112503.795753,-0.00850769
ts_momentum_sma_atr,2026-05-18T13:30:00+00:00,112133.095753,-0.01177465
ts_momentum_sma_atr,2026-05-19T13:30:00+00:00,111233.725753,-0.01970077
ts_momentum_sma_atr,2026-05-20T13:30:00+00:00,112708.045753,-0.00670764
ts_momentum_sma_atr,2026-05-21T13:30:00+00:00,112852.095753,-0.00543813
ts_momentum_sma_atr,2026-05-22T13:30:00+00:00,112795.935753,-0.00593307
ts_momentum_sma_atr,2026-05-26T13:30:00+00:00,112864.198966,-0.00533146
ts_momentum_sma_atr,2026-05-27T13:30:00+00:00,113100.344024,-0.00325033
ts_momentum_sma_atr,2026-05-28T13:30:00+00:00,114245.564024,0
ts_momentum_sma_atr,2026-05-29T13:30:00+00:00,114349.252909,0
ts_momentum_sma_atr,2026-06-01T13:30:00+00:00,114347.680667,-0.00001375
ts_momentum_sma_atr,2026-06-02T13:30:00+00:00,114137.310015,-0.00185347
ts_momentum_sma_atr,2026-06-03T13:30:00+00:00,112143.789456,-0.01928708
ts_momentum_sma_atr,2026-06-04T13:30:00+00:00,112253.558746,-0.01832713
ts_momentum_sma_atr,2026-06-05T13:30:00+00:00,109448.937357,-0.04285394
ts_momentum_sma_atr,2026-06-08T13:30:00+00:00,109013.600483,-0.04666102
ts_momentum_sma_atr,2026-06-09T13:30:00+00:00,106710.767898,-0.06679961
ts_momentum_sma_atr,2026-06-10T13:30:00+00:00,106396.967898,-0.06954383
ts_momentum_sma_atr,2026-06-11T13:30:00+00:00,107296.877898,-0.06167399
ts_momentum_sma_atr,2026-06-12T13:30:00+00:00,107113.817898,-0.06327488
ts_momentum_sma_atr,2026-06-15T13:30:00+00:00,107963.213698,-0.05584679
ts_momentum_sma_atr,2026-06-16T13:30:00+00:00,107694.121672,-0.05820004
ts_momentum_sma_atr,2026-06-17T13:30:00+00:00,107042.261672,-0.06390065
ts_momentum_sma_atr,2026-06-18T13:30:00+00:00,107799.361672,-0.0572797
ts_momentum_sma_atr,2026-06-22T13:30:00+00:00,107602.841672,-0.0589983
ts_momentum_sma_atr,2026-06-23T13:30:00+00:00,106527.407846,-0.06840311
ts_momentum_sma_atr,2026-06-24T13:30:00+00:00,106358.433679,-0.06988082
ts_momentum_sma_atr,2026-06-25T13:30:00+00:00,105867.767692,-0.07417176
ts_momentum_sma_atr,2026-06-26T13:30:00+00:00,105867.767692,-0.07417176
ts_momentum_sma_atr,2026-06-29T13:30:00+00:00,105867.767692,-0.07417176
ts_momentum_sma_atr,2026-06-30T13:30:00+00:00,105867.767692,-0.07417176
ts_momentum_sma_atr,2026-07-01T13:30:00+00:00,105867.767692,-0.07417176
ts_momentum_sma_atr,2026-07-01T13:30:00+00:00,105867.767692,-0.07417176
volatility_contraction_breakout,2026-01-05T14:30:00+00:00,100000,0
volatility_contraction_breakout,2026-01-06T14:30:00+00:00,100000,0
volatility_contraction_breakout,2026-01-07T14:30:00+00:00,100000,0
volatility_contraction_breakout,2026-01-08T14:30:00+00:00,100000,0
volatility_contraction_breakout,2026-01-09T14:30:00+00:00,100000,0
volatility_contraction_breakout,2026-01-12T14:30:00+00:00,100000,0
volatility_contraction_breakout,2026-01-13T14:30:00+00:00,100000,0
volatility_contraction_breakout,2026-01-14T14:30:00+00:00,100000,0
volatility_contraction_breakout,2026-01-15T14:30:00+00:00,100000,0
volatility_contraction_breakout,2026-01-16T14:30:00+00:00,100000,0
volatility_contraction_breakout,2026-01-20T14:30:00+00:00,100000,0
volatility_contraction_breakout,2026-01-21T14:30:00+00:00,100000,0
volatility_contraction_breakout,2026-01-22T14:30:00+00:00,100000,0
volatility_contraction_breakout,2026-01-23T14:30:00+00:00,100000,0
volatility_contraction_breakout,2026-01-26T14:30:00+00:00,100000,0
volatility_contraction_breakout,2026-01-27T14:30:00+00:00,100000,0
volatility_contraction_breakout,2026-01-28T14:30:00+00:00,100000,0
volatility_contraction_breakout,2026-01-29T14:30:00+00:00,100000,0
volatility_contraction_breakout,2026-01-30T14:30:00+00:00,100000,0
volatility_contraction_breakout,2026-02-02T14:30:00+00:00,100000,0
volatility_contraction_breakout,2026-02-03T14:30:00+00:00,100000,0
volatility_contraction_breakout,2026-02-04T14:30:00+00:00,100000,0
volatility_contraction_breakout,2026-02-05T14:30:00+00:00,100000,0
volatility_contraction_breakout,2026-02-06T14:30:00+00:00,100000,0
volatility_contraction_breakout,2026-02-09T14:30:00+00:00,100000,0
volatility_contraction_breakout,2026-02-10T14:30:00+00:00,100000,0
volatility_contraction_breakout,2026-02-11T14:30:00+00:00,100000,0
volatility_contraction_breakout,2026-02-12T14:30:00+00:00,100000,0
volatility_contraction_breakout,2026-02-13T14:30:00+00:00,100000,0
volatility_contraction_breakout,2026-02-17T14:30:00+00:00,100000,0
volatility_contraction_breakout,2026-02-18T14:30:00+00:00,100000,0
volatility_contraction_breakout,2026-02-19T14:30:00+00:00,100000,0
volatility_contraction_breakout,2026-02-20T14:30:00+00:00,100000,0
volatility_contraction_breakout,2026-02-23T14:30:00+00:00,100000,0
volatility_contraction_breakout,2026-02-24T14:30:00+00:00,100000,0
volatility_contraction_breakout,2026-02-25T14:30:00+00:00,100000,0
volatility_contraction_breakout,2026-02-26T14:30:00+00:00,100000,0
volatility_contraction_breakout,2026-02-27T14:30:00+00:00,100000,0
volatility_contraction_breakout,2026-03-02T14:30:00+00:00,100000,0
volatility_contraction_breakout,2026-03-03T14:30:00+00:00,100000,0
volatility_contraction_breakout,2026-03-04T14:30:00+00:00,100000,0
volatility_contraction_breakout,2026-03-05T14:30:00+00:00,100000,0
volatility_contraction_breakout,2026-03-06T14:30:00+00:00,100000,0
volatility_contraction_breakout,2026-03-09T13:30:00+00:00,100000,0
volatility_contraction_breakout,2026-03-10T13:30:00+00:00,100000,0
volatility_contraction_breakout,2026-03-11T13:30:00+00:00,100000,0
volatility_contraction_breakout,2026-03-12T13:30:00+00:00,100000,0
volatility_contraction_breakout,2026-03-13T13:30:00+00:00,100000,0
volatility_contraction_breakout,2026-03-16T13:30:00+00:00,100000,0
volatility_contraction_breakout,2026-03-17T13:30:00+00:00,100000,0
volatility_contraction_breakout,2026-03-18T13:30:00+00:00,100000,0
volatility_contraction_breakout,2026-03-19T13:30:00+00:00,100000,0
volatility_contraction_breakout,2026-03-20T13:30:00+00:00,100000,0
volatility_contraction_breakout,2026-03-23T13:30:00+00:00,100000,0
volatility_contraction_breakout,2026-03-24T13:30:00+00:00,100000,0
volatility_contraction_breakout,2026-03-25T13:30:00+00:00,100000,0
volatility_contraction_breakout,2026-03-26T13:30:00+00:00,100000,0
volatility_contraction_breakout,2026-03-27T13:30:00+00:00,100000,0
volatility_contraction_breakout,2026-03-30T13:30:00+00:00,100000,0
volatility_contraction_breakout,2026-03-31T13:30:00+00:00,100000,0
volatility_contraction_breakout,2026-04-01T13:30:00+00:00,100000,0
volatility_contraction_breakout,2026-04-02T13:30:00+00:00,100000,0
volatility_contraction_breakout,2026-04-06T13:30:00+00:00,100000,0
volatility_contraction_breakout,2026-04-07T13:30:00+00:00,99780.530713,-0.00219469
volatility_contraction_breakout,2026-04-08T13:30:00+00:00,100201.730713,0
volatility_contraction_breakout,2026-04-09T13:30:00+00:00,100435.56038,0
volatility_contraction_breakout,2026-04-10T13:30:00+00:00,100699.10038,0
volatility_contraction_breakout,2026-04-13T13:30:00+00:00,100637.34038,-0.00061331
volatility_contraction_breakout,2026-04-14T13:30:00+00:00,101011.68038,0
volatility_contraction_breakout,2026-04-15T13:30:00+00:00,101736.64038,0
volatility_contraction_breakout,2026-04-16T13:30:00+00:00,101471.18038,-0.00260929
volatility_contraction_breakout,2026-04-17T13:30:00+00:00,102190.40038,0
volatility_contraction_breakout,2026-04-20T13:30:00+00:00,102431.64038,0
volatility_contraction_breakout,2026-04-21T13:30:00+00:00,101772.92038,-0.00643083
volatility_contraction_breakout,2026-04-22T13:30:00+00:00,102465.64038,0
volatility_contraction_breakout,2026-04-23T13:30:00+00:00,102277.839289,-0.00183282
volatility_contraction_breakout,2026-04-24T13:30:00+00:00,102812.999289,0
volatility_contraction_breakout,2026-04-27T13:30:00+00:00,103060.034972,0
volatility_contraction_breakout,2026-04-28T13:30:00+00:00,102888.314972,-0.00166621
volatility_contraction_breakout,2026-04-29T13:30:00+00:00,102700.084972,-0.00349262
volatility_contraction_breakout,2026-04-30T13:30:00+00:00,102558.434972,-0.00486707
volatility_contraction_breakout,2026-05-01T13:30:00+00:00,103356.854972,0
volatility_contraction_breakout,2026-05-04T13:30:00+00:00,103004.944972,-0.00340481
volatility_contraction_breakout,2026-05-05T13:30:00+00:00,103788.754972,0
volatility_contraction_breakout,2026-05-06T13:30:00+00:00,105223.634972,0
volatility_contraction_breakout,2026-05-07T13:30:00+00:00,105347.174972,0
volatility_contraction_breakout,2026-05-08T13:30:00+00:00,106387.299514,0
volatility_contraction_breakout,2026-05-11T13:30:00+00:00,106709.239514,0
volatility_contraction_breakout,2026-05-12T13:30:00+00:00,106639.089514,-0.00065739
volatility_contraction_breakout,2026-05-13T13:30:00+00:00,107403.289977,0
volatility_contraction_breakout,2026-05-14T13:30:00+00:00,107633.609977,0
volatility_contraction_breakout,2026-05-15T13:30:00+00:00,107259.009977,-0.00348033
volatility_contraction_breakout,2026-05-18T13:30:00+00:00,107098.589977,-0.00497075
volatility_contraction_breakout,2026-05-19T13:30:00+00:00,106924.909977,-0.00658437
volatility_contraction_breakout,2026-05-20T13:30:00+00:00,107470.089977,-0.00151923
volatility_contraction_breakout,2026-05-21T13:30:00+00:00,107636.999977,0
volatility_contraction_breakout,2026-05-22T13:30:00+00:00,107915.119977,0
volatility_contraction_breakout,2026-05-26T13:30:00+00:00,108272.699977,0
volatility_contraction_breakout,2026-05-27T13:30:00+00:00,108346.659977,0
volatility_contraction_breakout,2026-05-28T13:30:00+00:00,108727.574192,0
volatility_contraction_breakout,2026-05-29T13:30:00+00:00,108618.294192,-0.00100508
volatility_contraction_breakout,2026-06-01T13:30:00+00:00,108001.294192,-0.00667981
volatility_contraction_breakout,2026-06-02T13:30:00+00:00,108062.07432,-0.0061208
volatility_contraction_breakout,2026-06-03T13:30:00+00:00,107698.33432,-0.00946623
volatility_contraction_breakout,2026-06-04T13:30:00+00:00,107742.77432,-0.0090575
volatility_contraction_breakout,2026-06-05T13:30:00+00:00,106395.81432,-0.02144589
volatility_contraction_breakout,2026-06-08T13:30:00+00:00,106435.49432,-0.02108094
volatility_contraction_breakout,2026-06-09T13:30:00+00:00,105813.71432,-0.02679964
volatility_contraction_breakout,2026-06-10T13:30:00+00:00,105269.42432,-0.03180564
volatility_contraction_breakout,2026-06-11T13:30:00+00:00,106197.35432,-0.02327119
volatility_contraction_breakout,2026-06-12T13:30:00+00:00,106218.76432,-0.02307427
volatility_contraction_breakout,2026-06-15T13:30:00+00:00,107198.19432,-0.01406616
volatility_contraction_breakout,2026-06-16T13:30:00+00:00,106912.37432,-0.01669494
volatility_contraction_breakout,2026-06-17T13:30:00+00:00,106398.00432,-0.02142575
volatility_contraction_breakout,2026-06-18T13:30:00+00:00,106974.37432,-0.0161247
volatility_contraction_breakout,2026-06-22T13:30:00+00:00,106823.19432,-0.01751515
volatility_contraction_breakout,2026-06-23T13:30:00+00:00,105969.35432,-0.02536817
volatility_contraction_breakout,2026-06-24T13:30:00+00:00,105857.46432,-0.02639726
volatility_contraction_breakout,2026-06-25T13:30:00+00:00,105332.11432,-0.03122906
volatility_contraction_breakout,2026-06-26T13:30:00+00:00,105320.71432,-0.03133391
volatility_contraction_breakout,2026-06-29T13:30:00+00:00,105903.14432,-0.02597713
volatility_contraction_breakout,2026-06-30T13:30:00+00:00,106574.95432,-0.01979829
volatility_contraction_breakout,2026-07-01T13:30:00+00:00,106520.05432,-0.02030322
volatility_contraction_breakout,2026-07-01T13:30:00+00:00,106493.173074,-0.02055045
